time,zhonghnanindown
2016/1/4 22:20,3.458389673
2016/1/4 22:25,2.230796205
2016/1/4 22:30,3.189608066
2016/1/4 22:35,2.582246764
2016/1/4 22:40,2.582246764
2016/1/4 22:45,2.230796205
2016/1/4 22:50,3.189608066
2016/1/4 22:55,4.16859369
2016/1/4 23:00,2.230796205
2016/1/4 23:05,2.582246764
2016/1/4 23:10,1.832975732
2016/1/4 23:15,1.832975732
2016/1/4 23:20,2.582246764
2016/1/4 23:25,2.230796205
2016/1/4 23:30,2.89930149
2016/1/4 23:35,1.832975732
2016/1/4 23:40,1.832975732
2016/1/4 23:45,1.36812904
2016/1/4 23:50,1.36812904
2016/1/4 23:55,0.7946711
2016/1/5 0:00,0
2016/1/5 0:05,0.7946711
2016/1/5 0:10,1.832975732
2016/1/5 0:15,2.230796205
2016/1/5 0:20,1.36812904
2016/1/5 0:25,1.832975732
2016/1/5 0:30,2.230796205
2016/1/5 0:35,1.36812904
2016/1/5 0:40,0
2016/1/5 0:45,2.230796205
2016/1/5 0:50,2.582246764
2016/1/5 0:55,2.89930149
2016/1/5 1:00,0.7946711
2016/1/5 1:05,0.7946711
2016/1/5 1:10,0
2016/1/5 1:15,2.582246764
2016/1/5 1:20,1.36812904
2016/1/5 1:25,1.36812904
2016/1/5 1:30,0.7946711
2016/1/5 1:35,1.832975732
2016/1/5 1:40,0.7946711
2016/1/5 1:45,1.36812904
2016/1/5 1:50,0
2016/1/5 1:55,0
2016/1/5 2:00,1.36812904
2016/1/5 2:05,1.832975732
2016/1/5 2:10,0
2016/1/5 2:15,1.36812904
2016/1/5 2:20,0.7946711
2016/1/5 2:25,0
2016/1/5 2:30,0
2016/1/5 2:35,0
2016/1/5 2:40,0
2016/1/5 2:45,0.7946711
2016/1/5 2:50,0.7946711
2016/1/5 2:55,1.36812904
2016/1/5 3:00,0.7946711
2016/1/5 3:05,0
2016/1/5 3:10,0
2016/1/5 3:15,1.36812904
2016/1/5 3:20,0.7946711
2016/1/5 3:25,2.230796205
2016/1/5 3:30,0.7946711
2016/1/5 3:35,0.7946711
2016/1/5 3:40,1.36812904
2016/1/5 3:45,0.7946711
2016/1/5 3:50,1.36812904
2016/1/5 3:55,0.7946711
2016/1/5 4:00,0
2016/1/5 4:05,1.832975732
2016/1/5 4:10,0
2016/1/5 4:15,1.832975732
2016/1/5 4:20,0.7946711
2016/1/5 4:25,1.36812904
2016/1/5 4:30,0.7946711
2016/1/5 4:35,2.582246764
2016/1/5 4:40,1.832975732
2016/1/5 4:45,2.230796205
2016/1/5 4:50,1.832975732
2016/1/5 4:55,2.230796205
2016/1/5 5:00,3.458389673
2016/1/5 5:05,1.36812904
2016/1/5 5:10,2.230796205
2016/1/5 5:15,2.230796205
2016/1/5 5:20,2.582246764
2016/1/5 5:25,1.832975732
2016/1/5 5:30,2.582246764
2016/1/5 5:35,3.458389673
2016/1/5 5:40,3.189608066
2016/1/5 5:45,2.89930149
2016/1/5 5:50,3.189608066
2016/1/5 5:55,4.776393431
2016/1/5 6:00,4.962162317
2016/1/5 6:05,6.097435157
2016/1/5 6:10,5.140929288
2016/1/5 6:15,5.140929288
2016/1/5 6:20,6.910331257
2016/1/5 6:25,7.62535594
2016/1/5 6:30,7.51172762
2016/1/5 6:35,7.51172762
2016/1/5 6:40,8.268482628
2016/1/5 6:45,8.469887964
2016/1/5 6:50,7.157994692
2016/1/5 6:55,7.737007291
2016/1/5 7:00,9.222565132
2016/1/5 7:05,7.954724587
2016/1/5 7:10,8.665618433
2016/1/5 7:15,9.823600117
2016/1/5 7:20,10.45820323
2016/1/5 7:25,10.45820323
2016/1/5 7:30,10.9757304
2016/1/5 7:35,10.53413561
2016/1/5 7:40,11.1179505
2016/1/5 7:45,10.60937505
2016/1/5 7:50,10.38156089
2016/1/5 7:55,10.45820323
2016/1/5 8:00,11.53112448
2016/1/5 8:05,10.38156089
2016/1/5 8:10,10.60937505
2016/1/5 8:15,9.485990752
2016/1/5 8:20,11.53112448
2016/1/5 8:25,9.222565132
2016/1/5 8:30,10.14719323
2016/1/5 8:35,8.856075923
2016/1/5 8:40,8.856075923
2016/1/5 8:45,9.987053272
2016/1/5 8:50,8.856075923
2016/1/5 8:55,9.823600117
2016/1/5 9:00,9.740573482
2016/1/5 9:05,9.905752111
2016/1/5 9:10,8.761482989
2016/1/5 9:15,8.568436319
2016/1/5 9:20,9.823600117
2016/1/5 9:25,9.740573482
2016/1/5 9:30,7.62535594
2016/1/5 9:35,9.399204412
2016/1/5 9:40,8.761482989
2016/1/5 9:45,7.954724587
2016/1/5 9:50,7.846769589
2016/1/5 9:55,9.222565132
2016/1/5 10:00,8.665618433
2016/1/5 10:05,8.761482989
2016/1/5 10:10,8.761482989
2016/1/5 10:15,8.369921702
2016/1/5 10:20,7.157994692
2016/1/5 10:25,7.396027591
2016/1/5 10:30,7.737007291
2016/1/5 10:35,6.910331257
2016/1/5 10:40,8.165512308
2016/1/5 10:45,8.268482628
2016/1/5 10:50,9.311406403
2016/1/5 10:55,7.278153535
2016/1/5 11:00,7.62535594
2016/1/5 11:05,7.278153535
2016/1/5 11:10,7.278153535
2016/1/5 11:15,7.157994692
2016/1/5 11:20,8.369921702
2016/1/5 11:25,8.165512308
2016/1/5 11:30,8.568436319
2016/1/5 11:35,8.568436319
2016/1/5 11:40,6.910331257
2016/1/5 11:45,6.782553171
2016/1/5 11:50,7.396027591
2016/1/5 11:55,9.132647374
2016/1/5 12:00,8.761482989
2016/1/5 12:05,6.518321504
2016/1/5 12:10,7.157994692
2016/1/5 12:15,6.651940417
2016/1/5 12:20,7.62535594
2016/1/5 12:25,7.278153535
2016/1/5 12:30,7.62535594
2016/1/5 12:35,7.846769589
2016/1/5 12:40,7.51172762
2016/1/5 12:45,7.954724587
2016/1/5 12:50,8.568436319
2016/1/5 12:55,7.035430861
2016/1/5 13:00,6.782553171
2016/1/5 13:05,8.060948458
2016/1/5 13:10,7.51172762
2016/1/5 13:15,6.910331257
2016/1/5 13:20,6.910331257
2016/1/5 13:25,7.954724587
2016/1/5 13:30,9.041618156
2016/1/5 13:35,7.396027591
2016/1/5 13:40,7.737007291
2016/1/5 13:45,8.568436319
2016/1/5 13:50,8.568436319
2016/1/5 13:55,8.165512308
2016/1/5 14:00,8.665618433
2016/1/5 14:05,8.856075923
2016/1/5 14:10,7.846769589
2016/1/5 14:15,7.51172762
2016/1/5 14:20,7.278153535
2016/1/5 14:25,8.949440629
2016/1/5 14:30,8.761482989
2016/1/5 14:35,8.665618433
2016/1/5 14:40,7.737007291
2016/1/5 14:45,8.856075923
2016/1/5 14:50,7.954724587
2016/1/5 14:55,8.856075923
2016/1/5 15:00,8.268482628
2016/1/5 15:05,8.949440629
2016/1/5 15:10,8.761482989
2016/1/5 15:15,9.132647374
2016/1/5 15:20,8.856075923
2016/1/5 15:25,8.949440629
2016/1/5 15:30,8.665618433
2016/1/5 15:35,9.485990752
2016/1/5 15:40,9.222565132
2016/1/5 15:45,8.665618433
2016/1/5 15:50,8.761482989
2016/1/5 15:55,10.68393793
2016/1/5 16:00,9.656647301
2016/1/5 16:05,10.22607471
2016/1/5 16:10,9.485990752
2016/1/5 16:15,10.83109645
2016/1/5 16:20,9.399204412
2016/1/5 16:25,10.38156089
2016/1/5 16:30,9.987053272
2016/1/5 16:35,9.399204412
2016/1/5 16:40,10.75784001
2016/1/5 16:45,9.823600117
2016/1/5 16:50,9.399204412
2016/1/5 16:55,8.060948458
2016/1/5 17:00,7.278153535
2016/1/5 17:05,8.856075923
2016/1/5 17:10,9.823600117
2016/1/5 17:15,6.910331257
2016/1/5 17:20,7.51172762
2016/1/5 17:25,7.157994692
2016/1/5 17:30,7.157994692
2016/1/5 17:35,7.954724587
2016/1/5 17:40,7.51172762
2016/1/5 17:45,7.396027591
2016/1/5 17:50,9.311406403
2016/1/5 17:55,8.665618433
2016/1/5 18:00,8.568436319
2016/1/5 18:05,8.369921702
2016/1/5 18:10,8.761482989
2016/1/5 18:15,8.060948458
2016/1/5 18:20,8.060948458
2016/1/5 18:25,7.396027591
2016/1/5 18:30,7.846769589
2016/1/5 18:35,8.060948458
2016/1/5 18:40,8.469887964
2016/1/5 18:45,7.278153535
2016/1/5 18:50,7.278153535
2016/1/5 18:55,7.51172762
2016/1/5 19:00,6.910331257
2016/1/5 19:05,6.518321504
2016/1/5 19:10,5.797751972
2016/1/5 19:15,6.518321504
2016/1/5 19:20,6.518321504
2016/1/5 19:25,5.949686023
2016/1/5 19:30,6.782553171
2016/1/5 19:35,4.962162317
2016/1/5 19:40,3.945413757
2016/1/5 19:45,7.157994692
2016/1/5 19:50,6.241289378
2016/1/5 19:55,5.797751972
2016/1/5 20:00,5.313348093
2016/1/5 20:05,5.140929288
2016/1/5 20:10,5.797751972
2016/1/5 20:15,4.776393431
2016/1/5 20:20,6.241289378
2016/1/5 20:25,6.518321504
2016/1/5 20:30,5.641306327
2016/1/5 20:35,5.797751972
2016/1/5 20:40,5.797751972
2016/1/5 20:45,5.479979001
2016/1/5 20:50,4.16859369
2016/1/5 20:55,4.16859369
2016/1/5 21:00,4.16859369
2016/1/5 21:05,2.582246764
2016/1/5 21:10,5.313348093
2016/1/5 21:15,3.709393975
2016/1/5 21:20,4.962162317
2016/1/5 21:25,4.962162317
2016/1/5 21:30,3.945413757
2016/1/5 21:35,4.16859369
2016/1/5 21:40,3.189608066
2016/1/5 21:45,2.89930149
2016/1/5 21:50,4.380621469
2016/1/5 21:55,4.962162317
2016/1/5 22:00,4.380621469
2016/1/5 22:05,3.945413757
2016/1/5 22:10,2.89930149
2016/1/5 22:15,4.582852358
2016/1/5 22:20,4.582852358
2016/1/5 22:25,2.582246764
2016/1/5 22:30,2.582246764
2016/1/5 22:35,3.458389673
2016/1/5 22:40,4.16859369
2016/1/5 22:45,3.709393975
2016/1/5 22:50,2.582246764
2016/1/5 22:55,2.582246764
2016/1/5 23:00,3.709393975
2016/1/5 23:05,2.89930149
2016/1/5 23:10,2.582246764
2016/1/5 23:15,2.89930149
2016/1/5 23:20,2.230796205
2016/1/5 23:25,2.89930149
2016/1/5 23:30,1.832975732
2016/1/5 23:35,2.230796205
2016/1/5 23:40,2.582246764
2016/1/5 23:45,2.582246764
2016/1/5 23:50,3.709393975
2016/1/5 23:55,2.582246764
2016/1/6 0:00,1.832975732
2016/1/6 0:05,2.582246764
2016/1/6 0:10,1.36812904
2016/1/6 0:15,1.36812904
2016/1/6 0:20,0.7946711
2016/1/6 0:25,2.582246764
2016/1/6 0:30,1.36812904
2016/1/6 0:35,2.582246764
2016/1/6 0:40,0.7946711
2016/1/6 0:45,2.582246764
2016/1/6 0:50,1.832975732
2016/1/6 0:55,2.230796205
2016/1/6 1:00,1.36812904
2016/1/6 1:05,2.230796205
2016/1/6 1:10,1.832975732
2016/1/6 1:15,1.36812904
2016/1/6 1:20,1.832975732
2016/1/6 1:25,1.832975732
2016/1/6 1:30,0.7946711
2016/1/6 1:35,0.7946711
2016/1/6 1:40,3.458389673
2016/1/6 1:45,2.230796205
2016/1/6 1:50,0
2016/1/6 1:55,1.36812904
2016/1/6 2:00,1.832975732
2016/1/6 2:05,0.7946711
2016/1/6 2:10,1.832975732
2016/1/6 2:15,0.7946711
2016/1/6 2:20,0.7946711
2016/1/6 2:25,0.7946711
2016/1/6 2:30,0
2016/1/6 2:35,0.7946711
2016/1/6 2:40,0.7946711
2016/1/6 2:45,0.7946711
2016/1/6 2:50,1.36812904
2016/1/6 2:55,1.36812904
2016/1/6 3:00,0.7946711
2016/1/6 3:05,0
2016/1/6 3:10,0.7946711
2016/1/6 3:15,0.7946711
2016/1/6 3:20,1.36812904
2016/1/6 3:25,1.36812904
2016/1/6 3:30,1.36812904
2016/1/6 3:35,1.832975732
2016/1/6 3:40,1.36812904
2016/1/6 3:45,0
2016/1/6 3:50,0.7946711
2016/1/6 3:55,1.36812904
2016/1/6 4:00,1.832975732
2016/1/6 4:05,0.7946711
2016/1/6 4:10,2.230796205
2016/1/6 4:15,0.7946711
2016/1/6 4:20,0.7946711
2016/1/6 4:25,0.7946711
2016/1/6 4:30,1.36812904
2016/1/6 4:35,0
2016/1/6 4:40,1.832975732
2016/1/6 4:45,0.7946711
2016/1/6 4:50,3.189608066
2016/1/6 4:55,1.36812904
2016/1/6 5:00,2.230796205
2016/1/6 5:05,2.582246764
2016/1/6 5:10,2.89930149
2016/1/6 5:15,2.89930149
2016/1/6 5:20,3.189608066
2016/1/6 5:25,2.89930149
2016/1/6 5:30,3.458389673
2016/1/6 5:35,3.189608066
2016/1/6 5:40,3.189608066
2016/1/6 5:45,2.230796205
2016/1/6 5:50,4.582852358
2016/1/6 5:55,3.458389673
2016/1/6 6:00,4.16859369
2016/1/6 6:05,4.776393431
2016/1/6 6:10,6.518321504
2016/1/6 6:15,5.797751972
2016/1/6 6:20,7.157994692
2016/1/6 6:25,7.157994692
2016/1/6 6:30,7.278153535
2016/1/6 6:35,6.38150748
2016/1/6 6:40,8.369921702
2016/1/6 6:45,8.369921702
2016/1/6 6:50,7.62535594
2016/1/6 6:55,9.222565132
2016/1/6 7:00,7.846769589
2016/1/6 7:05,8.761482989
2016/1/6 7:10,9.132647374
2016/1/6 7:15,9.399204412
2016/1/6 7:20,10.30419086
2016/1/6 7:25,9.485990752
2016/1/6 7:30,10.45820323
2016/1/6 7:35,9.132647374
2016/1/6 7:40,11.32697827
2016/1/6 7:45,11.18818785
2016/1/6 7:50,10.75784001
2016/1/6 7:55,10.83109645
2016/1/6 8:00,10.9757304
2016/1/6 8:05,10.83109645
2016/1/6 8:10,8.856075923
2016/1/6 8:15,8.469887964
2016/1/6 8:20,9.823600117
2016/1/6 8:25,9.485990752
2016/1/6 8:30,7.954724587
2016/1/6 8:35,9.823600117
2016/1/6 8:40,9.222565132
2016/1/6 8:45,9.222565132
2016/1/6 8:50,9.905752111
2016/1/6 8:55,7.737007291
2016/1/6 9:00,9.041618156
2016/1/6 9:05,8.665618433
2016/1/6 9:10,10.38156089
2016/1/6 9:15,9.656647301
2016/1/6 9:20,9.041618156
2016/1/6 9:25,9.823600117
2016/1/6 9:30,10.06752638
2016/1/6 9:35,8.856075923
2016/1/6 9:40,8.165512308
2016/1/6 9:45,9.222565132
2016/1/6 9:50,9.222565132
2016/1/6 9:55,8.469887964
2016/1/6 10:00,8.949440629
2016/1/6 10:05,8.665618433
2016/1/6 10:10,7.846769589
2016/1/6 10:15,8.665618433
2016/1/6 10:20,7.396027591
2016/1/6 10:25,9.571795498
2016/1/6 10:30,7.396027591
2016/1/6 10:35,9.656647301
2016/1/6 10:40,8.268482628
2016/1/6 10:45,7.737007291
2016/1/6 10:50,7.62535594
2016/1/6 10:55,7.737007291
2016/1/6 11:00,6.910331257
2016/1/6 11:05,7.954724587
2016/1/6 11:10,7.396027591
2016/1/6 11:15,7.954724587
2016/1/6 11:20,8.856075923
2016/1/6 11:25,7.954724587
2016/1/6 11:30,8.060948458
2016/1/6 11:35,6.651940417
2016/1/6 11:40,6.910331257
2016/1/6 11:45,7.846769589
2016/1/6 11:50,8.665618433
2016/1/6 11:55,8.856075923
2016/1/6 12:00,8.165512308
2016/1/6 12:05,6.651940417
2016/1/6 12:10,7.278153535
2016/1/6 12:15,6.910331257
2016/1/6 12:20,6.651940417
2016/1/6 12:25,8.268482628
2016/1/6 12:30,8.369921702
2016/1/6 12:35,8.369921702
2016/1/6 12:40,7.954724587
2016/1/6 12:45,7.035430861
2016/1/6 12:50,8.568436319
2016/1/6 12:55,7.954724587
2016/1/6 13:00,6.782553171
2016/1/6 13:05,8.469887964
2016/1/6 13:10,6.910331257
2016/1/6 13:15,8.568436319
2016/1/6 13:20,7.51172762
2016/1/6 13:25,7.51172762
2016/1/6 13:30,8.268482628
2016/1/6 13:35,8.949440629
2016/1/6 13:40,7.737007291
2016/1/6 13:45,7.62535594
2016/1/6 13:50,8.165512308
2016/1/6 13:55,8.369921702
2016/1/6 14:00,8.856075923
2016/1/6 14:05,7.62535594
2016/1/6 14:10,8.856075923
2016/1/6 14:15,8.949440629
2016/1/6 14:20,6.782553171
2016/1/6 14:25,8.268482628
2016/1/6 14:30,7.737007291
2016/1/6 14:35,8.060948458
2016/1/6 14:40,8.165512308
2016/1/6 14:45,8.761482989
2016/1/6 14:50,7.51172762
2016/1/6 14:55,8.165512308
2016/1/6 15:00,7.846769589
2016/1/6 15:05,9.222565132
2016/1/6 15:10,8.165512308
2016/1/6 15:15,7.954724587
2016/1/6 15:20,8.665618433
2016/1/6 15:25,8.469887964
2016/1/6 15:30,8.761482989
2016/1/6 15:35,8.665618433
2016/1/6 15:40,8.268482628
2016/1/6 15:45,9.041618156
2016/1/6 15:50,8.568436319
2016/1/6 15:55,8.856075923
2016/1/6 16:00,9.823600117
2016/1/6 16:05,10.53413561
2016/1/6 16:10,9.485990752
2016/1/6 16:15,10.30419086
2016/1/6 16:20,8.856075923
2016/1/6 16:25,10.38156089
2016/1/6 16:30,10.14719323
2016/1/6 16:35,10.30419086
2016/1/6 16:40,8.761482989
2016/1/6 16:45,10.22607471
2016/1/6 16:50,10.22607471
2016/1/6 16:55,9.222565132
2016/1/6 17:00,11.1179505
2016/1/6 17:05,9.905752111
2016/1/6 17:10,9.399204412
2016/1/6 17:15,8.856075923
2016/1/6 17:20,8.949440629
2016/1/6 17:25,10.30419086
2016/1/6 17:30,9.041618156
2016/1/6 17:35,9.311406403
2016/1/6 17:40,9.132647374
2016/1/6 17:45,8.665618433
2016/1/6 17:50,7.62535594
2016/1/6 17:55,8.856075923
2016/1/6 18:00,9.041618156
2016/1/6 18:05,9.571795498
2016/1/6 18:10,7.62535594
2016/1/6 18:15,9.132647374
2016/1/6 18:20,8.060948458
2016/1/6 18:25,7.62535594
2016/1/6 18:30,7.157994692
2016/1/6 18:35,6.38150748
2016/1/6 18:40,8.665618433
2016/1/6 18:45,7.51172762
2016/1/6 18:50,6.097435157
2016/1/6 18:55,6.38150748
2016/1/6 19:00,6.518321504
2016/1/6 19:05,6.518321504
2016/1/6 19:10,7.62535594
2016/1/6 19:15,6.097435157
2016/1/6 19:20,4.582852358
2016/1/6 19:25,4.380621469
2016/1/6 19:30,5.313348093
2016/1/6 19:35,5.641306327
2016/1/6 19:40,6.38150748
2016/1/6 19:45,6.097435157
2016/1/6 19:50,7.035430861
2016/1/6 19:55,5.479979001
2016/1/6 20:00,5.313348093
2016/1/6 20:05,6.38150748
2016/1/6 20:10,6.241289378
2016/1/6 20:15,4.776393431
2016/1/6 20:20,5.479979001
2016/1/6 20:25,5.140929288
2016/1/6 20:30,6.241289378
2016/1/6 20:35,5.140929288
2016/1/6 20:40,5.797751972
2016/1/6 20:45,3.458389673
2016/1/6 20:50,5.313348093
2016/1/6 20:55,5.797751972
2016/1/6 21:00,4.962162317
2016/1/6 21:05,4.16859369
2016/1/6 21:10,4.16859369
2016/1/6 21:15,5.479979001
2016/1/6 21:20,3.189608066
2016/1/6 21:25,4.380621469
2016/1/6 21:30,3.189608066
2016/1/6 21:35,4.380621469
2016/1/6 21:40,5.140929288
2016/1/6 21:45,4.582852358
2016/1/6 21:50,4.16859369
2016/1/6 21:55,3.458389673
2016/1/6 22:00,2.89930149
2016/1/6 22:05,3.189608066
2016/1/6 22:10,3.189608066
2016/1/6 22:15,3.945413757
2016/1/6 22:20,3.189608066
2016/1/6 22:25,4.582852358
2016/1/6 22:30,3.458389673
2016/1/6 22:35,3.458389673
2016/1/6 22:40,3.945413757
2016/1/6 22:45,3.709393975
2016/1/6 22:50,2.230796205
2016/1/6 22:55,0
2016/1/6 23:00,1.36812904
2016/1/6 23:05,1.832975732
2016/1/6 23:10,3.189608066
2016/1/6 23:15,2.89930149
2016/1/6 23:20,3.189608066
2016/1/6 23:25,2.582246764
2016/1/6 23:30,2.89930149
2016/1/6 23:35,1.832975732
2016/1/6 23:40,1.36812904
2016/1/6 23:45,1.832975732
2016/1/6 23:50,1.36812904
2016/1/6 23:55,1.832975732
2016/1/7 0:00,0.7946711
2016/1/7 0:05,1.832975732
2016/1/7 0:10,1.832975732
2016/1/7 0:15,1.832975732
2016/1/7 0:20,1.36812904
2016/1/7 0:25,1.832975732
2016/1/7 0:30,1.36812904
2016/1/7 0:35,2.230796205
2016/1/7 0:40,1.832975732
2016/1/7 0:45,1.832975732
2016/1/7 0:50,2.230796205
2016/1/7 0:55,2.582246764
2016/1/7 1:00,1.832975732
2016/1/7 1:05,1.832975732
2016/1/7 1:10,0.7946711
2016/1/7 1:15,1.832975732
2016/1/7 1:20,1.36812904
2016/1/7 1:25,0.7946711
2016/1/7 1:30,0.7946711
2016/1/7 1:35,0
2016/1/7 1:40,0.7946711
2016/1/7 1:45,1.36812904
2016/1/7 1:50,1.36812904
2016/1/7 1:55,1.36812904
2016/1/7 2:00,1.36812904
2016/1/7 2:05,0.7946711
2016/1/7 2:10,0.7946711
2016/1/7 2:15,1.36812904
2016/1/7 2:20,0.7946711
2016/1/7 2:25,0.7946711
2016/1/7 2:30,1.36812904
2016/1/7 2:35,0
2016/1/7 2:40,0.7946711
2016/1/7 2:45,0
2016/1/7 2:50,2.230796205
2016/1/7 2:55,1.36812904
2016/1/7 3:00,2.230796205
2016/1/7 3:05,0
2016/1/7 3:10,0
2016/1/7 3:15,0
2016/1/7 3:20,2.230796205
2016/1/7 3:25,0.7946711
2016/1/7 3:30,1.36812904
2016/1/7 3:35,1.36812904
2016/1/7 3:40,1.36812904
2016/1/7 3:45,1.36812904
2016/1/7 3:50,0.7946711
2016/1/7 3:55,0.7946711
2016/1/7 4:00,0.7946711
2016/1/7 4:05,1.36812904
2016/1/7 4:10,0
2016/1/7 4:15,0.7946711
2016/1/7 4:20,1.832975732
2016/1/7 4:25,2.230796205
2016/1/7 4:30,1.832975732
2016/1/7 4:35,1.832975732
2016/1/7 4:40,2.230796205
2016/1/7 4:45,1.832975732
2016/1/7 4:50,0.7946711
2016/1/7 4:55,0.7946711
2016/1/7 5:00,2.230796205
2016/1/7 5:05,1.36812904
2016/1/7 5:10,1.832975732
2016/1/7 5:15,2.230796205
2016/1/7 5:20,1.832975732
2016/1/7 5:25,3.189608066
2016/1/7 5:30,3.189608066
2016/1/7 5:35,3.945413757
2016/1/7 5:40,1.832975732
2016/1/7 5:45,4.380621469
2016/1/7 5:50,4.16859369
2016/1/7 5:55,5.313348093
2016/1/7 6:00,4.776393431
2016/1/7 6:05,3.945413757
2016/1/7 6:10,6.241289378
2016/1/7 6:15,5.313348093
2016/1/7 6:20,8.165512308
2016/1/7 6:25,7.737007291
2016/1/7 6:30,6.782553171
2016/1/7 6:35,8.568436319
2016/1/7 6:40,9.132647374
2016/1/7 6:45,8.856075923
2016/1/7 6:50,8.268482628
2016/1/7 6:55,7.737007291
2016/1/7 7:00,8.856075923
2016/1/7 7:05,9.041618156
2016/1/7 7:10,9.571795498
2016/1/7 7:15,9.571795498
2016/1/7 7:20,10.22607471
2016/1/7 7:25,10.14719323
2016/1/7 7:30,9.132647374
2016/1/7 7:35,9.987053272
2016/1/7 7:40,11.04713556
2016/1/7 7:45,11.79622092
2016/1/7 7:50,10.14719323
2016/1/7 7:55,9.823600117
2016/1/7 8:00,10.68393793
2016/1/7 8:05,11.32697827
2016/1/7 8:10,10.22607471
2016/1/7 8:15,8.949440629
2016/1/7 8:20,9.311406403
2016/1/7 8:25,9.905752111
2016/1/7 8:30,11.04713556
2016/1/7 8:35,8.665618433
2016/1/7 8:40,10.90372189
2016/1/7 8:45,9.132647374
2016/1/7 8:50,9.740573482
2016/1/7 8:55,8.268482628
2016/1/7 9:00,8.665618433
2016/1/7 9:05,8.949440629
2016/1/7 9:10,8.469887964
2016/1/7 9:15,9.987053272
2016/1/7 9:20,9.571795498
2016/1/7 9:25,8.060948458
2016/1/7 9:30,9.571795498
2016/1/7 9:35,7.62535594
2016/1/7 9:40,9.399204412
2016/1/7 9:45,9.656647301
2016/1/7 9:50,8.165512308
2016/1/7 9:55,8.165512308
2016/1/7 10:00,8.165512308
2016/1/7 10:05,8.165512308
2016/1/7 10:10,8.060948458
2016/1/7 10:15,9.222565132
2016/1/7 10:20,8.469887964
2016/1/7 10:25,8.268482628
2016/1/7 10:30,8.469887964
2016/1/7 10:35,9.311406403
2016/1/7 10:40,8.665618433
2016/1/7 10:45,8.665618433
2016/1/7 10:50,9.041618156
2016/1/7 10:55,8.268482628
2016/1/7 11:00,8.761482989
2016/1/7 11:05,8.165512308
2016/1/7 11:10,7.62535594
2016/1/7 11:15,6.782553171
2016/1/7 11:20,7.62535594
2016/1/7 11:25,7.278153535
2016/1/7 11:30,6.910331257
2016/1/7 11:35,6.38150748
2016/1/7 11:40,7.035430861
2016/1/7 11:45,7.035430861
2016/1/7 11:50,7.62535594
2016/1/7 11:55,7.035430861
2016/1/7 12:00,7.954724587
2016/1/7 12:05,7.954724587
2016/1/7 12:10,6.241289378
2016/1/7 12:15,8.268482628
2016/1/7 12:20,7.278153535
2016/1/7 12:25,7.278153535
2016/1/7 12:30,6.241289378
2016/1/7 12:35,6.518321504
2016/1/7 12:40,7.035430861
2016/1/7 12:45,7.396027591
2016/1/7 12:50,7.157994692
2016/1/7 12:55,8.060948458
2016/1/7 13:00,8.665618433
2016/1/7 13:05,7.954724587
2016/1/7 13:10,7.846769589
2016/1/7 13:15,7.954724587
2016/1/7 13:20,8.665618433
2016/1/7 13:25,7.846769589
2016/1/7 13:30,7.737007291
2016/1/7 13:35,8.268482628
2016/1/7 13:40,7.157994692
2016/1/7 13:45,7.846769589
2016/1/7 13:50,7.954724587
2016/1/7 13:55,8.469887964
2016/1/7 14:00,7.51172762
2016/1/7 14:05,8.165512308
2016/1/7 14:10,7.737007291
2016/1/7 14:15,8.568436319
2016/1/7 14:20,8.369921702
2016/1/7 14:25,8.949440629
2016/1/7 14:30,7.737007291
2016/1/7 14:35,8.268482628
2016/1/7 14:40,9.222565132
2016/1/7 14:45,8.060948458
2016/1/7 14:50,7.846769589
2016/1/7 14:55,9.132647374
2016/1/7 15:00,8.165512308
2016/1/7 15:05,7.954724587
2016/1/7 15:10,8.949440629
2016/1/7 15:15,9.041618156
2016/1/7 15:20,8.165512308
2016/1/7 15:25,8.761482989
2016/1/7 15:30,9.485990752
2016/1/7 15:35,9.905752111
2016/1/7 15:40,9.823600117
2016/1/7 15:45,8.165512308
2016/1/7 15:50,10.14719323
2016/1/7 15:55,9.485990752
2016/1/7 16:00,9.987053272
2016/1/7 16:05,8.665618433
2016/1/7 16:10,9.905752111
2016/1/7 16:15,9.823600117
2016/1/7 16:20,9.571795498
2016/1/7 16:25,9.571795498
2016/1/7 16:30,9.041618156
2016/1/7 16:35,9.485990752
2016/1/7 16:40,10.45820323
2016/1/7 16:45,10.68393793
2016/1/7 16:50,9.485990752
2016/1/7 16:55,9.987053272
2016/1/7 17:00,8.761482989
2016/1/7 17:05,11.18818785
2016/1/7 17:10,10.06752638
2016/1/7 17:15,8.856075923
2016/1/7 17:20,8.856075923
2016/1/7 17:25,9.311406403
2016/1/7 17:30,9.656647301
2016/1/7 17:35,8.268482628
2016/1/7 17:40,10.06752638
2016/1/7 17:45,10.14719323
2016/1/7 17:50,9.987053272
2016/1/7 17:55,9.571795498
2016/1/7 18:00,8.761482989
2016/1/7 18:05,9.905752111
2016/1/7 18:10,8.060948458
2016/1/7 18:15,7.954724587
2016/1/7 18:20,8.165512308
2016/1/7 18:25,7.737007291
2016/1/7 18:30,7.62535594
2016/1/7 18:35,7.157994692
2016/1/7 18:40,8.761482989
2016/1/7 18:45,6.518321504
2016/1/7 18:50,8.060948458
2016/1/7 18:55,6.097435157
2016/1/7 19:00,6.782553171
2016/1/7 19:05,7.035430861
2016/1/7 19:10,6.241289378
2016/1/7 19:15,7.035430861
2016/1/7 19:20,5.797751972
2016/1/7 19:25,6.38150748
2016/1/7 19:30,5.641306327
2016/1/7 19:35,5.641306327
2016/1/7 19:40,5.641306327
2016/1/7 19:45,6.651940417
2016/1/7 19:50,5.313348093
2016/1/7 19:55,6.241289378
2016/1/7 20:00,5.313348093
2016/1/7 20:05,6.241289378
2016/1/7 20:10,6.097435157
2016/1/7 20:15,4.962162317
2016/1/7 20:20,5.949686023
2016/1/7 20:25,5.797751972
2016/1/7 20:30,5.140929288
2016/1/7 20:35,5.313348093
2016/1/7 20:40,4.380621469
2016/1/7 20:45,3.945413757
2016/1/7 20:50,4.380621469
2016/1/7 20:55,5.313348093
2016/1/7 21:00,4.380621469
2016/1/7 21:05,5.313348093
2016/1/7 21:10,4.582852358
2016/1/7 21:15,4.582852358
2016/1/7 21:20,5.140929288
2016/1/7 21:25,4.582852358
2016/1/7 21:30,5.313348093
2016/1/7 21:35,3.945413757
2016/1/7 21:40,4.16859369
2016/1/7 21:45,4.16859369
2016/1/7 21:50,3.709393975
2016/1/7 21:55,2.582246764
2016/1/7 22:00,2.582246764
2016/1/7 22:05,4.16859369
2016/1/7 22:10,3.945413757
2016/1/7 22:15,4.380621469
2016/1/7 22:20,4.16859369
2016/1/7 22:25,3.709393975
2016/1/7 22:30,3.189608066
2016/1/7 22:35,3.189608066
2016/1/7 22:40,2.89930149
2016/1/7 22:45,3.189608066
2016/1/7 22:50,3.189608066
2016/1/7 22:55,2.230796205
2016/1/7 23:00,0
2016/1/7 23:05,2.230796205
2016/1/7 23:10,3.189608066
2016/1/7 23:15,1.832975732
2016/1/7 23:20,3.458389673
2016/1/7 23:25,2.582246764
2016/1/7 23:30,2.230796205
2016/1/7 23:35,0.7946711
2016/1/7 23:40,2.230796205
2016/1/7 23:45,2.230796205
2016/1/7 23:50,1.832975732
2016/1/7 23:55,1.832975732
2016/1/8 0:00,0.7946711
2016/1/8 0:05,1.832975732
2016/1/8 0:10,2.582246764
2016/1/8 0:15,1.832975732
2016/1/8 0:20,2.230796205
2016/1/8 0:25,1.832975732
2016/1/8 0:30,1.36812904
2016/1/8 0:35,2.89930149
2016/1/8 0:40,1.36812904
2016/1/8 0:45,1.36812904
2016/1/8 0:50,2.230796205
2016/1/8 0:55,0.7946711
2016/1/8 1:00,1.36812904
2016/1/8 1:05,0.7946711
2016/1/8 1:10,2.89930149
2016/1/8 1:15,2.230796205
2016/1/8 1:20,2.582246764
2016/1/8 1:25,0.7946711
2016/1/8 1:30,1.36812904
2016/1/8 1:35,2.230796205
2016/1/8 1:40,0.7946711
2016/1/8 1:45,0.7946711
2016/1/8 1:50,2.89930149
2016/1/8 1:55,1.36812904
2016/1/8 2:00,1.36812904
2016/1/8 2:05,0.7946711
2016/1/8 2:10,0
2016/1/8 2:15,0.7946711
2016/1/8 2:20,1.36812904
2016/1/8 2:25,0
2016/1/8 2:30,1.832975732
2016/1/8 2:35,2.230796205
2016/1/8 2:40,0
2016/1/8 2:45,0.7946711
2016/1/8 2:50,1.832975732
2016/1/8 2:55,1.36812904
2016/1/8 3:00,1.832975732
2016/1/8 3:05,0.7946711
2016/1/8 3:10,0
2016/1/8 3:15,1.36812904
2016/1/8 3:20,1.832975732
2016/1/8 3:25,1.832975732
2016/1/8 3:30,0
2016/1/8 3:35,2.230796205
2016/1/8 3:40,0.7946711
2016/1/8 3:45,1.36812904
2016/1/8 3:50,0.7946711
2016/1/8 3:55,0
2016/1/8 4:00,0.7946711
2016/1/8 4:05,0.7946711
2016/1/8 4:10,1.36812904
2016/1/8 4:15,1.36812904
2016/1/8 4:20,1.832975732
2016/1/8 4:25,0.7946711
2016/1/8 4:30,1.832975732
2016/1/8 4:35,2.230796205
2016/1/8 4:40,0
2016/1/8 4:45,2.89930149
2016/1/8 4:50,2.230796205
2016/1/8 4:55,0.7946711
2016/1/8 5:00,2.582246764
2016/1/8 5:05,2.582246764
2016/1/8 5:10,1.832975732
2016/1/8 5:15,2.582246764
2016/1/8 5:20,3.189608066
2016/1/8 5:25,1.832975732
2016/1/8 5:30,3.709393975
2016/1/8 5:35,2.89930149
2016/1/8 5:40,2.89930149
2016/1/8 5:45,3.709393975
2016/1/8 5:50,4.582852358
2016/1/8 5:55,3.458389673
2016/1/8 6:00,5.140929288
2016/1/8 6:05,4.962162317
2016/1/8 6:10,6.782553171
2016/1/8 6:15,6.518321504
2016/1/8 6:20,5.641306327
2016/1/8 6:25,8.165512308
2016/1/8 6:30,8.060948458
2016/1/8 6:35,7.846769589
2016/1/8 6:40,8.268482628
2016/1/8 6:45,8.165512308
2016/1/8 6:50,8.369921702
2016/1/8 6:55,6.910331257
2016/1/8 7:00,7.396027591
2016/1/8 7:05,8.369921702
2016/1/8 7:10,8.060948458
2016/1/8 7:15,9.222565132
2016/1/8 7:20,8.165512308
2016/1/8 7:25,8.949440629
2016/1/8 7:30,9.485990752
2016/1/8 7:35,9.485990752
2016/1/8 7:40,10.14719323
2016/1/8 7:45,9.987053272
2016/1/8 7:50,10.22607471
2016/1/8 7:55,11.18818785
2016/1/8 8:00,9.740573482
2016/1/8 8:05,10.38156089
2016/1/8 8:10,10.75784001
2016/1/8 8:15,9.041618156
2016/1/8 8:20,9.823600117
2016/1/8 8:25,10.45820323
2016/1/8 8:30,9.571795498
2016/1/8 8:35,9.823600117
2016/1/8 8:40,8.856075923
2016/1/8 8:45,9.399204412
2016/1/8 8:50,9.571795498
2016/1/8 8:55,8.369921702
2016/1/8 9:00,10.06752638
2016/1/8 9:05,8.165512308
2016/1/8 9:10,9.041618156
2016/1/8 9:15,8.369921702
2016/1/8 9:20,8.268482628
2016/1/8 9:25,8.469887964
2016/1/8 9:30,8.949440629
2016/1/8 9:35,8.665618433
2016/1/8 9:40,7.035430861
2016/1/8 9:45,8.665618433
2016/1/8 9:50,8.268482628
2016/1/8 9:55,7.846769589
2016/1/8 10:00,8.165512308
2016/1/8 10:05,9.399204412
2016/1/8 10:10,7.62535594
2016/1/8 10:15,10.38156089
2016/1/8 10:20,8.568436319
2016/1/8 10:25,9.399204412
2016/1/8 10:30,9.311406403
2016/1/8 10:35,9.311406403
2016/1/8 10:40,9.041618156
2016/1/8 10:45,8.568436319
2016/1/8 10:50,8.761482989
2016/1/8 10:55,8.165512308
2016/1/8 11:00,8.268482628
2016/1/8 11:05,8.165512308
2016/1/8 11:10,8.060948458
2016/1/8 11:15,8.665618433
2016/1/8 11:20,8.060948458
2016/1/8 11:25,7.157994692
2016/1/8 11:30,7.157994692
2016/1/8 11:35,8.369921702
2016/1/8 11:40,7.035430861
2016/1/8 11:45,8.268482628
2016/1/8 11:50,7.396027591
2016/1/8 11:55,6.782553171
2016/1/8 12:00,7.157994692
2016/1/8 12:05,9.222565132
2016/1/8 12:10,7.737007291
2016/1/8 12:15,7.846769589
2016/1/8 12:20,7.396027591
2016/1/8 12:25,7.954724587
2016/1/8 12:30,8.060948458
2016/1/8 12:35,6.910331257
2016/1/8 12:40,8.268482628
2016/1/8 12:45,7.035430861
2016/1/8 12:50,7.396027591
2016/1/8 12:55,7.954724587
2016/1/8 13:00,6.651940417
2016/1/8 13:05,8.856075923
2016/1/8 13:10,7.035430861
2016/1/8 13:15,8.369921702
2016/1/8 13:20,8.665618433
2016/1/8 13:25,7.846769589
2016/1/8 13:30,7.737007291
2016/1/8 13:35,8.369921702
2016/1/8 13:40,6.782553171
2016/1/8 13:45,8.761482989
2016/1/8 13:50,7.846769589
2016/1/8 13:55,8.856075923
2016/1/8 14:00,8.856075923
2016/1/8 14:05,7.737007291
2016/1/8 14:10,9.571795498
2016/1/8 14:15,8.856075923
2016/1/8 14:20,8.761482989
2016/1/8 14:25,9.311406403
2016/1/8 14:30,8.761482989
2016/1/8 14:35,7.846769589
2016/1/8 14:40,7.396027591
2016/1/8 14:45,9.041618156
2016/1/8 14:50,8.761482989
2016/1/8 14:55,7.62535594
2016/1/8 15:00,8.369921702
2016/1/8 15:05,9.823600117
2016/1/8 15:10,7.846769589
2016/1/8 15:15,8.568436319
2016/1/8 15:20,8.060948458
2016/1/8 15:25,8.568436319
2016/1/8 15:30,9.823600117
2016/1/8 15:35,9.132647374
2016/1/8 15:40,9.571795498
2016/1/8 15:45,9.132647374
2016/1/8 15:50,8.856075923
2016/1/8 15:55,10.22607471
2016/1/8 16:00,9.132647374
2016/1/8 16:05,9.987053272
2016/1/8 16:10,9.485990752
2016/1/8 16:15,10.68393793
2016/1/8 16:20,8.761482989
2016/1/8 16:25,11.32697827
2016/1/8 16:30,10.53413561
2016/1/8 16:35,10.06752638
2016/1/8 16:40,10.68393793
2016/1/8 16:45,9.905752111
2016/1/8 16:50,10.22607471
2016/1/8 16:55,9.571795498
2016/1/8 17:00,8.060948458
2016/1/8 17:05,9.041618156
2016/1/8 17:10,8.568436319
2016/1/8 17:15,7.846769589
2016/1/8 17:20,8.761482989
2016/1/8 17:25,7.62535594
2016/1/8 17:30,8.165512308
2016/1/8 17:35,7.737007291
2016/1/8 17:40,8.469887964
2016/1/8 17:45,7.51172762
2016/1/8 17:50,8.761482989
2016/1/8 17:55,9.132647374
2016/1/8 18:00,8.856075923
2016/1/8 18:05,8.268482628
2016/1/8 18:10,9.399204412
2016/1/8 18:15,8.949440629
2016/1/8 18:20,7.035430861
2016/1/8 18:25,8.165512308
2016/1/8 18:30,7.954724587
2016/1/8 18:35,8.665618433
2016/1/8 18:40,7.035430861
2016/1/8 18:45,7.62535594
2016/1/8 18:50,7.035430861
2016/1/8 18:55,6.651940417
2016/1/8 19:00,6.38150748
2016/1/8 19:05,5.479979001
2016/1/8 19:10,6.518321504
2016/1/8 19:15,5.797751972
2016/1/8 19:20,6.38150748
2016/1/8 19:25,7.157994692
2016/1/8 19:30,5.949686023
2016/1/8 19:35,5.641306327
2016/1/8 19:40,6.097435157
2016/1/8 19:45,5.140929288
2016/1/8 19:50,6.097435157
2016/1/8 19:55,5.797751972
2016/1/8 20:00,5.479979001
2016/1/8 20:05,5.797751972
2016/1/8 20:10,4.962162317
2016/1/8 20:15,6.097435157
2016/1/8 20:20,5.641306327
2016/1/8 20:25,5.641306327
2016/1/8 20:30,5.479979001
2016/1/8 20:35,5.140929288
2016/1/8 20:40,4.16859369
2016/1/8 20:45,5.949686023
2016/1/8 20:50,4.962162317
2016/1/8 20:55,5.313348093
2016/1/8 21:00,5.797751972
2016/1/8 21:05,4.380621469
2016/1/8 21:10,4.776393431
2016/1/8 21:15,5.313348093
2016/1/8 21:20,3.945413757
2016/1/8 21:25,5.313348093
2016/1/8 21:30,4.582852358
2016/1/8 21:35,2.89930149
2016/1/8 21:40,3.458389673
2016/1/8 21:45,3.189608066
2016/1/8 21:50,3.945413757
2016/1/8 21:55,4.16859369
2016/1/8 22:00,2.230796205
2016/1/8 22:05,3.709393975
2016/1/8 22:10,2.89930149
2016/1/8 22:15,3.458389673
2016/1/8 22:20,4.776393431
2016/1/8 22:25,3.189608066
2016/1/8 22:30,3.458389673
2016/1/8 22:35,4.582852358
2016/1/8 22:40,4.16859369
2016/1/8 22:45,3.458389673
2016/1/8 22:50,2.582246764
2016/1/8 22:55,4.380621469
2016/1/8 23:00,2.230796205
2016/1/8 23:05,2.230796205
2016/1/8 23:10,1.36812904
2016/1/8 23:15,2.582246764
2016/1/8 23:20,3.709393975
2016/1/8 23:25,3.189608066
2016/1/8 23:30,2.89930149
2016/1/8 23:35,2.89930149
2016/1/8 23:40,3.458389673
2016/1/8 23:45,2.582246764
2016/1/8 23:50,1.36812904
2016/1/8 23:55,3.189608066
2016/1/9 0:00,2.582246764
2016/1/9 0:05,1.832975732
2016/1/9 0:10,1.832975732
2016/1/9 0:15,1.832975732
2016/1/9 0:20,1.36812904
2016/1/9 0:25,2.89930149
2016/1/9 0:30,2.89930149
2016/1/9 0:35,2.582246764
2016/1/9 0:40,1.832975732
2016/1/9 0:45,2.582246764
2016/1/9 0:50,1.36812904
2016/1/9 0:55,1.832975732
2016/1/9 1:00,1.36812904
2016/1/9 1:05,0.7946711
2016/1/9 1:10,1.36812904
2016/1/9 1:15,2.89930149
2016/1/9 1:20,1.36812904
2016/1/9 1:25,2.230796205
2016/1/9 1:30,1.832975732
2016/1/9 1:35,1.36812904
2016/1/9 1:40,2.230796205
2016/1/9 1:45,0.7946711
2016/1/9 1:50,0.7946711
2016/1/9 1:55,2.89930149
2016/1/9 2:00,0.7946711
2016/1/9 2:05,1.36812904
2016/1/9 2:10,2.230796205
2016/1/9 2:15,1.36812904
2016/1/9 2:20,3.189608066
2016/1/9 2:25,0.7946711
2016/1/9 2:30,1.832975732
2016/1/9 2:35,2.230796205
2016/1/9 2:40,0.7946711
2016/1/9 2:45,1.832975732
2016/1/9 2:50,2.230796205
2016/1/9 2:55,0.7946711
2016/1/9 3:00,0.7946711
2016/1/9 3:05,0.7946711
2016/1/9 3:10,0
2016/1/9 3:15,1.36812904
2016/1/9 3:20,0.7946711
2016/1/9 3:25,0.7946711
2016/1/9 3:30,0.7946711
2016/1/9 3:35,0.7946711
2016/1/9 3:40,2.89930149
2016/1/9 3:45,0
2016/1/9 3:50,1.36812904
2016/1/9 3:55,1.832975732
2016/1/9 4:00,0.7946711
2016/1/9 4:05,1.832975732
2016/1/9 4:10,1.832975732
2016/1/9 4:15,1.36812904
2016/1/9 4:20,1.36812904
2016/1/9 4:25,0.7946711
2016/1/9 4:30,0
2016/1/9 4:35,1.36812904
2016/1/9 4:40,1.36812904
2016/1/9 4:45,2.230796205
2016/1/9 4:50,2.230796205
2016/1/9 4:55,2.230796205
2016/1/9 5:00,2.582246764
2016/1/9 5:05,2.230796205
2016/1/9 5:10,3.189608066
2016/1/9 5:15,2.582246764
2016/1/9 5:20,3.189608066
2016/1/9 5:25,2.582246764
2016/1/9 5:30,1.36812904
2016/1/9 5:35,3.458389673
2016/1/9 5:40,3.189608066
2016/1/9 5:45,3.189608066
2016/1/9 5:50,2.230796205
2016/1/9 5:55,4.582852358
2016/1/9 6:00,3.189608066
2016/1/9 6:05,4.16859369
2016/1/9 6:10,3.458389673
2016/1/9 6:15,3.945413757
2016/1/9 6:20,4.962162317
2016/1/9 6:25,4.380621469
2016/1/9 6:30,4.16859369
2016/1/9 6:35,4.776393431
2016/1/9 6:40,4.582852358
2016/1/9 6:45,6.097435157
2016/1/9 6:50,5.140929288
2016/1/9 6:55,4.776393431
2016/1/9 7:00,5.479979001
2016/1/9 7:05,4.582852358
2016/1/9 7:10,5.949686023
2016/1/9 7:15,6.38150748
2016/1/9 7:20,6.518321504
2016/1/9 7:25,7.035430861
2016/1/9 7:30,7.737007291
2016/1/9 7:35,7.278153535
2016/1/9 7:40,9.399204412
2016/1/9 7:45,8.568436319
2016/1/9 7:50,7.954724587
2016/1/9 7:55,10.30419086
2016/1/9 8:00,9.823600117
2016/1/9 8:05,8.268482628
2016/1/9 8:10,9.571795498
2016/1/9 8:15,8.469887964
2016/1/9 8:20,9.571795498
2016/1/9 8:25,8.665618433
2016/1/9 8:30,8.665618433
2016/1/9 8:35,7.396027591
2016/1/9 8:40,9.041618156
2016/1/9 8:45,7.846769589
2016/1/9 8:50,10.38156089
2016/1/9 8:55,8.568436319
2016/1/9 9:00,10.30419086
2016/1/9 9:05,8.761482989
2016/1/9 9:10,9.311406403
2016/1/9 9:15,9.222565132
2016/1/9 9:20,9.740573482
2016/1/9 9:25,7.62535594
2016/1/9 9:30,8.165512308
2016/1/9 9:35,9.311406403
2016/1/9 9:40,10.75784001
2016/1/9 9:45,9.823600117
2016/1/9 9:50,9.740573482
2016/1/9 9:55,9.571795498
2016/1/9 10:00,9.399204412
2016/1/9 10:05,8.469887964
2016/1/9 10:10,8.665618433
2016/1/9 10:15,8.949440629
2016/1/9 10:20,8.268482628
2016/1/9 10:25,10.14719323
2016/1/9 10:30,8.469887964
2016/1/9 10:35,7.035430861
2016/1/9 10:40,7.737007291
2016/1/9 10:45,8.268482628
2016/1/9 10:50,7.62535594
2016/1/9 10:55,7.737007291
2016/1/9 11:00,7.954724587
2016/1/9 11:05,7.035430861
2016/1/9 11:10,8.761482989
2016/1/9 11:15,7.62535594
2016/1/9 11:20,7.846769589
2016/1/9 11:25,7.157994692
2016/1/9 11:30,7.035430861
2016/1/9 11:35,7.396027591
2016/1/9 11:40,7.278153535
2016/1/9 11:45,8.165512308
2016/1/9 11:50,7.035430861
2016/1/9 11:55,8.856075923
2016/1/9 12:00,7.51172762
2016/1/9 12:05,8.469887964
2016/1/9 12:10,7.846769589
2016/1/9 12:15,8.268482628
2016/1/9 12:20,8.268482628
2016/1/9 12:25,8.060948458
2016/1/9 12:30,8.268482628
2016/1/9 12:35,7.737007291
2016/1/9 12:40,7.62535594
2016/1/9 12:45,6.38150748
2016/1/9 12:50,7.954724587
2016/1/9 12:55,7.737007291
2016/1/9 13:00,7.62535594
2016/1/9 13:05,8.856075923
2016/1/9 13:10,8.369921702
2016/1/9 13:15,8.268482628
2016/1/9 13:20,8.060948458
2016/1/9 13:25,7.51172762
2016/1/9 13:30,7.51172762
2016/1/9 13:35,7.954724587
2016/1/9 13:40,5.797751972
2016/1/9 13:45,7.035430861
2016/1/9 13:50,7.954724587
2016/1/9 13:55,8.856075923
2016/1/9 14:00,8.469887964
2016/1/9 14:05,8.568436319
2016/1/9 14:10,7.737007291
2016/1/9 14:15,8.568436319
2016/1/9 14:20,8.949440629
2016/1/9 14:25,9.311406403
2016/1/9 14:30,7.954724587
2016/1/9 14:35,7.954724587
2016/1/9 14:40,8.369921702
2016/1/9 14:45,7.51172762
2016/1/9 14:50,8.165512308
2016/1/9 14:55,11.1179505
2016/1/9 15:00,8.369921702
2016/1/9 15:05,8.469887964
2016/1/9 15:10,9.399204412
2016/1/9 15:15,8.469887964
2016/1/9 15:20,7.396027591
2016/1/9 15:25,9.399204412
2016/1/9 15:30,7.954724587
2016/1/9 15:35,8.761482989
2016/1/9 15:40,8.761482989
2016/1/9 15:45,8.469887964
2016/1/9 15:50,8.060948458
2016/1/9 15:55,7.035430861
2016/1/9 16:00,7.62535594
2016/1/9 16:05,8.665618433
2016/1/9 16:10,9.485990752
2016/1/9 16:15,10.22607471
2016/1/9 16:20,8.665618433
2016/1/9 16:25,9.311406403
2016/1/9 16:30,8.761482989
2016/1/9 16:35,9.571795498
2016/1/9 16:40,7.954724587
2016/1/9 16:45,9.987053272
2016/1/9 16:50,7.737007291
2016/1/9 16:55,9.485990752
2016/1/9 17:00,9.222565132
2016/1/9 17:05,9.987053272
2016/1/9 17:10,9.132647374
2016/1/9 17:15,9.222565132
2016/1/9 17:20,9.222565132
2016/1/9 17:25,8.949440629
2016/1/9 17:30,10.06752638
2016/1/9 17:35,8.949440629
2016/1/9 17:40,9.399204412
2016/1/9 17:45,8.761482989
2016/1/9 17:50,9.132647374
2016/1/9 17:55,7.954724587
2016/1/9 18:00,7.846769589
2016/1/9 18:05,7.954724587
2016/1/9 18:10,7.51172762
2016/1/9 18:15,7.51172762
2016/1/9 18:20,7.51172762
2016/1/9 18:25,7.846769589
2016/1/9 18:30,7.62535594
2016/1/9 18:35,6.518321504
2016/1/9 18:40,6.097435157
2016/1/9 18:45,6.782553171
2016/1/9 18:50,6.910331257
2016/1/9 18:55,6.38150748
2016/1/9 19:00,7.035430861
2016/1/9 19:05,6.518321504
2016/1/9 19:10,7.035430861
2016/1/9 19:15,6.097435157
2016/1/9 19:20,7.278153535
2016/1/9 19:25,4.582852358
2016/1/9 19:30,5.641306327
2016/1/9 19:35,4.582852358
2016/1/9 19:40,4.582852358
2016/1/9 19:45,4.776393431
2016/1/9 19:50,6.651940417
2016/1/9 19:55,5.479979001
2016/1/9 20:00,5.479979001
2016/1/9 20:05,4.16859369
2016/1/9 20:10,5.797751972
2016/1/9 20:15,5.140929288
2016/1/9 20:20,5.949686023
2016/1/9 20:25,5.641306327
2016/1/9 20:30,5.479979001
2016/1/9 20:35,4.776393431
2016/1/9 20:40,5.479979001
2016/1/9 20:45,5.313348093
2016/1/9 20:50,5.140929288
2016/1/9 20:55,4.16859369
2016/1/9 21:00,3.458389673
2016/1/9 21:05,5.313348093
2016/1/9 21:10,4.582852358
2016/1/9 21:15,3.945413757
2016/1/9 21:20,4.962162317
2016/1/9 21:25,3.189608066
2016/1/9 21:30,4.776393431
2016/1/9 21:35,3.945413757
2016/1/9 21:40,3.458389673
2016/1/9 21:45,2.230796205
2016/1/9 21:50,3.458389673
2016/1/9 21:55,4.16859369
2016/1/9 22:00,4.776393431
2016/1/9 22:05,3.709393975
2016/1/9 22:10,4.16859369
2016/1/9 22:15,2.582246764
2016/1/9 22:20,3.709393975
2016/1/9 22:25,4.16859369
2016/1/9 22:30,2.582246764
2016/1/9 22:35,3.189608066
2016/1/9 22:40,3.189608066
2016/1/9 22:45,3.189608066
2016/1/9 22:50,0
2016/1/9 22:55,2.89930149
2016/1/9 23:00,2.89930149
2016/1/9 23:05,2.230796205
2016/1/9 23:10,2.582246764
2016/1/9 23:15,2.89930149
2016/1/9 23:20,3.458389673
2016/1/9 23:25,3.458389673
2016/1/9 23:30,2.582246764
2016/1/9 23:35,1.832975732
2016/1/9 23:40,1.832975732
2016/1/9 23:45,2.89930149
2016/1/9 23:50,2.230796205
2016/1/9 23:55,3.458389673
2016/1/10 0:00,1.36812904
2016/1/10 0:05,1.832975732
2016/1/10 0:10,2.230796205
2016/1/10 0:15,1.36812904
2016/1/10 0:20,1.36812904
2016/1/10 0:25,1.36812904
2016/1/10 0:30,0
2016/1/10 0:35,0.7946711
2016/1/10 0:40,1.36812904
2016/1/10 0:45,2.230796205
2016/1/10 0:50,0
2016/1/10 0:55,1.36812904
2016/1/10 1:00,1.832975732
2016/1/10 1:05,0.7946711
2016/1/10 1:10,1.36812904
2016/1/10 1:15,0.7946711
2016/1/10 1:20,1.36812904
2016/1/10 1:25,2.582246764
2016/1/10 1:30,2.230796205
2016/1/10 1:35,2.230796205
2016/1/10 1:40,0.7946711
2016/1/10 1:45,1.36812904
2016/1/10 1:50,1.832975732
2016/1/10 1:55,1.36812904
2016/1/10 2:00,1.36812904
2016/1/10 2:05,0.7946711
2016/1/10 2:10,1.832975732
2016/1/10 2:15,0
2016/1/10 2:20,0
2016/1/10 2:25,0
2016/1/10 2:30,1.832975732
2016/1/10 2:35,0
2016/1/10 2:40,0.7946711
2016/1/10 2:45,0.7946711
2016/1/10 2:50,1.36812904
2016/1/10 2:55,0.7946711
2016/1/10 3:00,0
2016/1/10 3:05,0.7946711
2016/1/10 3:10,0.7946711
2016/1/10 3:15,1.36812904
2016/1/10 3:20,0
2016/1/10 3:25,2.230796205
2016/1/10 3:30,1.36812904
2016/1/10 3:35,1.36812904
2016/1/10 3:40,1.36812904
2016/1/10 3:45,0.7946711
2016/1/10 3:50,0.7946711
2016/1/10 3:55,1.36812904
2016/1/10 4:00,2.230796205
2016/1/10 4:05,1.36812904
2016/1/10 4:10,1.832975732
2016/1/10 4:15,0
2016/1/10 4:20,1.832975732
2016/1/10 4:25,0.7946711
2016/1/10 4:30,0
2016/1/10 4:35,1.832975732
2016/1/10 4:40,0.7946711
2016/1/10 4:45,2.582246764
2016/1/10 4:50,2.230796205
2016/1/10 4:55,3.709393975
2016/1/10 5:00,2.230796205
2016/1/10 5:05,1.832975732
2016/1/10 5:10,2.582246764
2016/1/10 5:15,2.582246764
2016/1/10 5:20,1.36812904
2016/1/10 5:25,1.832975732
2016/1/10 5:30,3.189608066
2016/1/10 5:35,3.945413757
2016/1/10 5:40,2.582246764
2016/1/10 5:45,3.458389673
2016/1/10 5:50,2.89930149
2016/1/10 5:55,1.832975732
2016/1/10 6:00,3.189608066
2016/1/10 6:05,4.16859369
2016/1/10 6:10,5.140929288
2016/1/10 6:15,2.582246764
2016/1/10 6:20,3.709393975
2016/1/10 6:25,2.582246764
2016/1/10 6:30,4.776393431
2016/1/10 6:35,4.380621469
2016/1/10 6:40,4.380621469
2016/1/10 6:45,5.313348093
2016/1/10 6:50,4.380621469
2016/1/10 6:55,5.140929288
2016/1/10 7:00,4.582852358
2016/1/10 7:05,4.962162317
2016/1/10 7:10,6.097435157
2016/1/10 7:15,6.097435157
2016/1/10 7:20,7.954724587
2016/1/10 7:25,5.641306327
2016/1/10 7:30,7.62535594
2016/1/10 7:35,7.954724587
2016/1/10 7:40,8.568436319
2016/1/10 7:45,9.041618156
2016/1/10 7:50,9.222565132
2016/1/10 7:55,8.949440629
2016/1/10 8:00,8.268482628
2016/1/10 8:05,8.856075923
2016/1/10 8:10,8.060948458
2016/1/10 8:15,8.469887964
2016/1/10 8:20,8.856075923
2016/1/10 8:25,8.761482989
2016/1/10 8:30,8.856075923
2016/1/10 8:35,8.761482989
2016/1/10 8:40,9.740573482
2016/1/10 8:45,9.132647374
2016/1/10 8:50,9.485990752
2016/1/10 8:55,8.369921702
2016/1/10 9:00,8.268482628
2016/1/10 9:05,9.485990752
2016/1/10 9:10,9.311406403
2016/1/10 9:15,8.949440629
2016/1/10 9:20,9.987053272
2016/1/10 9:25,7.954724587
2016/1/10 9:30,9.222565132
2016/1/10 9:35,9.311406403
2016/1/10 9:40,8.856075923
2016/1/10 9:45,11.04713556
2016/1/10 9:50,9.656647301
2016/1/10 9:55,8.268482628
2016/1/10 10:00,9.041618156
2016/1/10 10:05,9.823600117
2016/1/10 10:10,7.51172762
2016/1/10 10:15,8.665618433
2016/1/10 10:20,8.665618433
2016/1/10 10:25,8.568436319
2016/1/10 10:30,8.949440629
2016/1/10 10:35,9.132647374
2016/1/10 10:40,8.568436319
2016/1/10 10:45,10.06752638
2016/1/10 10:50,9.740573482
2016/1/10 10:55,8.268482628
2016/1/10 11:00,8.949440629
2016/1/10 11:05,8.761482989
2016/1/10 11:10,8.369921702
2016/1/10 11:15,9.740573482
2016/1/10 11:20,8.856075923
2016/1/10 11:25,7.278153535
2016/1/10 11:30,8.165512308
2016/1/10 11:35,7.278153535
2016/1/10 11:40,8.949440629
2016/1/10 11:45,9.132647374
2016/1/10 11:50,7.396027591
2016/1/10 11:55,7.62535594
2016/1/10 12:00,8.761482989
2016/1/10 12:05,8.949440629
2016/1/10 12:10,8.665618433
2016/1/10 12:15,8.060948458
2016/1/10 12:20,7.396027591
2016/1/10 12:25,7.846769589
2016/1/10 12:30,7.846769589
2016/1/10 12:35,7.737007291
2016/1/10 12:40,6.38150748
2016/1/10 12:45,9.823600117
2016/1/10 12:50,6.782553171
2016/1/10 12:55,6.782553171
2016/1/10 13:00,7.035430861
2016/1/10 13:05,8.268482628
2016/1/10 13:10,7.396027591
2016/1/10 13:15,7.954724587
2016/1/10 13:20,7.396027591
2016/1/10 13:25,7.954724587
2016/1/10 13:30,8.268482628
2016/1/10 13:35,8.568436319
2016/1/10 13:40,8.856075923
2016/1/10 13:45,7.62535594
2016/1/10 13:50,6.782553171
2016/1/10 13:55,9.399204412
2016/1/10 14:00,7.846769589
2016/1/10 14:05,8.060948458
2016/1/10 14:10,8.268482628
2016/1/10 14:15,8.568436319
2016/1/10 14:20,8.060948458
2016/1/10 14:25,6.782553171
2016/1/10 14:30,7.62535594
2016/1/10 14:35,8.268482628
2016/1/10 14:40,7.278153535
2016/1/10 14:45,8.568436319
2016/1/10 14:50,7.035430861
2016/1/10 14:55,7.396027591
2016/1/10 15:00,9.571795498
2016/1/10 15:05,9.656647301
2016/1/10 15:10,8.949440629
2016/1/10 15:15,7.954724587
2016/1/10 15:20,8.060948458
2016/1/10 15:25,10.06752638
2016/1/10 15:30,9.656647301
2016/1/10 15:35,8.856075923
2016/1/10 15:40,9.132647374
2016/1/10 15:45,8.568436319
2016/1/10 15:50,9.740573482
2016/1/10 15:55,9.132647374
2016/1/10 16:00,7.954724587
2016/1/10 16:05,8.949440629
2016/1/10 16:10,8.369921702
2016/1/10 16:15,9.987053272
2016/1/10 16:20,9.311406403
2016/1/10 16:25,9.132647374
2016/1/10 16:30,8.369921702
2016/1/10 16:35,10.60937505
2016/1/10 16:40,9.740573482
2016/1/10 16:45,9.222565132
2016/1/10 16:50,8.856075923
2016/1/10 16:55,9.399204412
2016/1/10 17:00,9.987053272
2016/1/10 17:05,9.041618156
2016/1/10 17:10,10.06752638
2016/1/10 17:15,9.399204412
2016/1/10 17:20,8.369921702
2016/1/10 17:25,8.568436319
2016/1/10 17:30,8.268482628
2016/1/10 17:35,9.222565132
2016/1/10 17:40,8.165512308
2016/1/10 17:45,8.761482989
2016/1/10 17:50,7.278153535
2016/1/10 17:55,9.222565132
2016/1/10 18:00,7.157994692
2016/1/10 18:05,7.62535594
2016/1/10 18:10,7.035430861
2016/1/10 18:15,7.62535594
2016/1/10 18:20,7.954724587
2016/1/10 18:25,6.910331257
2016/1/10 18:30,7.396027591
2016/1/10 18:35,8.268482628
2016/1/10 18:40,6.782553171
2016/1/10 18:45,7.62535594
2016/1/10 18:50,6.518321504
2016/1/10 18:55,6.782553171
2016/1/10 19:00,6.241289378
2016/1/10 19:05,4.776393431
2016/1/10 19:10,5.949686023
2016/1/10 19:15,5.797751972
2016/1/10 19:20,6.518321504
2016/1/10 19:25,4.962162317
2016/1/10 19:30,5.313348093
2016/1/10 19:35,5.949686023
2016/1/10 19:40,4.962162317
2016/1/10 19:45,5.641306327
2016/1/10 19:50,4.776393431
2016/1/10 19:55,6.38150748
2016/1/10 20:00,4.582852358
2016/1/10 20:05,5.479979001
2016/1/10 20:10,5.641306327
2016/1/10 20:15,5.479979001
2016/1/10 20:20,3.709393975
2016/1/10 20:25,5.313348093
2016/1/10 20:30,4.16859369
2016/1/10 20:35,5.313348093
2016/1/10 20:40,5.797751972
2016/1/10 20:45,6.518321504
2016/1/10 20:50,4.962162317
2016/1/10 20:55,5.140929288
2016/1/10 21:00,4.16859369
2016/1/10 21:05,3.189608066
2016/1/10 21:10,5.641306327
2016/1/10 21:15,4.776393431
2016/1/10 21:20,2.89930149
2016/1/10 21:25,5.479979001
2016/1/10 21:30,3.709393975
2016/1/10 21:35,5.479979001
2016/1/10 21:40,4.380621469
2016/1/10 21:45,2.230796205
2016/1/10 21:50,4.380621469
2016/1/10 21:55,3.945413757
2016/1/10 22:00,3.189608066
2016/1/10 22:05,3.945413757
2016/1/10 22:10,3.189608066
2016/1/10 22:15,3.709393975
2016/1/10 22:20,3.189608066
2016/1/10 22:25,3.458389673
2016/1/10 22:30,3.709393975
2016/1/10 22:35,4.16859369
2016/1/10 22:40,3.189608066
2016/1/10 22:45,3.945413757
2016/1/10 22:50,2.582246764
2016/1/10 22:55,1.832975732
2016/1/10 23:00,3.945413757
2016/1/10 23:05,2.89930149
2016/1/10 23:10,1.36812904
2016/1/10 23:15,2.230796205
2016/1/10 23:20,2.230796205
2016/1/10 23:25,2.582246764
2016/1/10 23:30,1.832975732
2016/1/10 23:35,2.230796205
2016/1/10 23:40,2.582246764
2016/1/10 23:45,2.582246764
2016/1/10 23:50,1.832975732
2016/1/10 23:55,1.832975732
2016/1/11 0:00,0.7946711
2016/1/11 0:05,0
2016/1/11 0:10,0.7946711
2016/1/11 0:15,0.7946711
2016/1/11 0:20,2.230796205
2016/1/11 0:25,1.832975732
2016/1/11 0:30,1.36812904
2016/1/11 0:35,1.832975732
2016/1/11 0:40,1.832975732
2016/1/11 0:45,1.832975732
2016/1/11 0:50,2.582246764
2016/1/11 0:55,0
2016/1/11 1:00,1.832975732
2016/1/11 1:05,1.36812904
2016/1/11 1:10,1.36812904
2016/1/11 1:15,1.832975732
2016/1/11 1:20,1.832975732
2016/1/11 1:25,1.832975732
2016/1/11 1:30,1.36812904
2016/1/11 1:35,0.7946711
2016/1/11 1:40,1.36812904
2016/1/11 1:45,0.7946711
2016/1/11 1:50,0
2016/1/11 1:55,0.7946711
2016/1/11 2:00,0.7946711
2016/1/11 2:05,1.36812904
2016/1/11 2:10,1.36812904
2016/1/11 2:15,0.7946711
2016/1/11 2:20,1.36812904
2016/1/11 2:25,0
2016/1/11 2:30,0
2016/1/11 2:35,0.7946711
2016/1/11 2:40,0.7946711
2016/1/11 2:45,0.7946711
2016/1/11 2:50,1.36812904
2016/1/11 2:55,1.832975732
2016/1/11 3:00,0
2016/1/11 3:05,0.7946711
2016/1/11 3:10,0.7946711
2016/1/11 3:15,0.7946711
2016/1/11 3:20,0
2016/1/11 3:25,0
2016/1/11 3:30,2.230796205
2016/1/11 3:35,0.7946711
2016/1/11 3:40,1.36812904
2016/1/11 3:45,1.36812904
2016/1/11 3:50,0.7946711
2016/1/11 3:55,0.7946711
2016/1/11 4:00,0
2016/1/11 4:05,0
2016/1/11 4:10,1.36812904
2016/1/11 4:15,0
2016/1/11 4:20,1.832975732
2016/1/11 4:25,0
2016/1/11 4:30,0.7946711
2016/1/11 4:35,1.36812904
2016/1/11 4:40,1.832975732
2016/1/11 4:45,2.582246764
2016/1/11 4:50,2.582246764
2016/1/11 4:55,2.230796205
2016/1/11 5:00,1.832975732
2016/1/11 5:05,2.89930149
2016/1/11 5:10,2.230796205
2016/1/11 5:15,2.230796205
2016/1/11 5:20,3.709393975
2016/1/11 5:25,2.230796205
2016/1/11 5:30,3.458389673
2016/1/11 5:35,3.945413757
2016/1/11 5:40,2.582246764
2016/1/11 5:45,4.776393431
2016/1/11 5:50,4.582852358
2016/1/11 5:55,4.16859369
2016/1/11 6:00,4.962162317
2016/1/11 6:05,5.479979001
2016/1/11 6:10,5.479979001
2016/1/11 6:15,5.949686023
2016/1/11 6:20,5.313348093
2016/1/11 6:25,5.797751972
2016/1/11 6:30,6.910331257
2016/1/11 6:35,6.782553171
2016/1/11 6:40,5.949686023
2016/1/11 6:45,7.278153535
2016/1/11 6:50,8.268482628
2016/1/11 6:55,8.165512308
2016/1/11 7:00,7.157994692
2016/1/11 7:05,9.823600117
2016/1/11 7:10,10.22607471
2016/1/11 7:15,9.041618156
2016/1/11 7:20,9.041618156
2016/1/11 7:25,9.905752111
2016/1/11 7:30,9.740573482
2016/1/11 7:35,11.04713556
2016/1/11 7:40,11.1179505
2016/1/11 7:45,10.75784001
2016/1/11 7:50,11.66465366
2016/1/11 7:55,11.59813912
2016/1/11 8:00,12.17986936
2016/1/11 8:05,11.32697827
2016/1/11 8:10,10.53413561
2016/1/11 8:15,9.311406403
2016/1/11 8:20,10.22607471
2016/1/11 8:25,9.485990752
2016/1/11 8:30,10.83109645
2016/1/11 8:35,11.1179505
2016/1/11 8:40,9.656647301
2016/1/11 8:45,10.22607471
2016/1/11 8:50,11.04713556
2016/1/11 8:55,10.22607471
2016/1/11 9:00,10.38156089
2016/1/11 9:05,8.856075923
2016/1/11 9:10,8.761482989
2016/1/11 9:15,9.132647374
2016/1/11 9:20,8.949440629
2016/1/11 9:25,8.949440629
2016/1/11 9:30,8.060948458
2016/1/11 9:35,9.222565132
2016/1/11 9:40,8.761482989
2016/1/11 9:45,8.568436319
2016/1/11 9:50,9.311406403
2016/1/11 9:55,8.761482989
2016/1/11 10:00,8.568436319
2016/1/11 10:05,7.737007291
2016/1/11 10:10,9.740573482
2016/1/11 10:15,9.399204412
2016/1/11 10:20,9.311406403
2016/1/11 10:25,8.761482989
2016/1/11 10:30,9.571795498
2016/1/11 10:35,8.856075923
2016/1/11 10:40,7.737007291
2016/1/11 10:45,8.369921702
2016/1/11 10:50,8.369921702
2016/1/11 10:55,6.518321504
2016/1/11 11:00,8.469887964
2016/1/11 11:05,8.060948458
2016/1/11 11:10,9.132647374
2016/1/11 11:15,8.369921702
2016/1/11 11:20,7.62535594
2016/1/11 11:25,7.62535594
2016/1/11 11:30,7.846769589
2016/1/11 11:35,8.369921702
2016/1/11 11:40,7.62535594
2016/1/11 11:45,6.097435157
2016/1/11 11:50,7.278153535
2016/1/11 11:55,7.62535594
2016/1/11 12:00,7.51172762
2016/1/11 12:05,7.278153535
2016/1/11 12:10,7.62535594
2016/1/11 12:15,8.165512308
2016/1/11 12:20,6.651940417
2016/1/11 12:25,7.51172762
2016/1/11 12:30,8.268482628
2016/1/11 12:35,8.369921702
2016/1/11 12:40,8.060948458
2016/1/11 12:45,6.38150748
2016/1/11 12:50,7.157994692
2016/1/11 12:55,7.62535594
2016/1/11 13:00,7.737007291
2016/1/11 13:05,8.268482628
2016/1/11 13:10,7.737007291
2016/1/11 13:15,8.268482628
2016/1/11 13:20,8.856075923
2016/1/11 13:25,7.954724587
2016/1/11 13:30,7.396027591
2016/1/11 13:35,8.268482628
2016/1/11 13:40,8.949440629
2016/1/11 13:45,7.954724587
2016/1/11 13:50,8.060948458
2016/1/11 13:55,8.268482628
2016/1/11 14:00,7.846769589
2016/1/11 14:05,8.369921702
2016/1/11 14:10,8.568436319
2016/1/11 14:15,7.62535594
2016/1/11 14:20,8.761482989
2016/1/11 14:25,8.165512308
2016/1/11 14:30,7.51172762
2016/1/11 14:35,9.311406403
2016/1/11 14:40,8.369921702
2016/1/11 14:45,7.846769589
2016/1/11 14:50,8.165512308
2016/1/11 14:55,9.399204412
2016/1/11 15:00,9.656647301
2016/1/11 15:05,8.268482628
2016/1/11 15:10,8.568436319
2016/1/11 15:15,7.51172762
2016/1/11 15:20,7.278153535
2016/1/11 15:25,8.568436319
2016/1/11 15:30,9.311406403
2016/1/11 15:35,9.222565132
2016/1/11 15:40,8.268482628
2016/1/11 15:45,9.132647374
2016/1/11 15:50,8.369921702
2016/1/11 15:55,9.656647301
2016/1/11 16:00,9.823600117
2016/1/11 16:05,8.761482989
2016/1/11 16:10,9.311406403
2016/1/11 16:15,10.14719323
2016/1/11 16:20,9.987053272
2016/1/11 16:25,10.14719323
2016/1/11 16:30,10.22607471
2016/1/11 16:35,10.38156089
2016/1/11 16:40,10.60937505
2016/1/11 16:45,10.60937505
2016/1/11 16:50,10.14719323
2016/1/11 16:55,11.18818785
2016/1/11 17:00,8.568436319
2016/1/11 17:05,9.740573482
2016/1/11 17:10,9.740573482
2016/1/11 17:15,10.06752638
2016/1/11 17:20,9.311406403
2016/1/11 17:25,9.132647374
2016/1/11 17:30,8.060948458
2016/1/11 17:35,8.761482989
2016/1/11 17:40,9.132647374
2016/1/11 17:45,8.060948458
2016/1/11 17:50,8.268482628
2016/1/11 17:55,9.571795498
2016/1/11 18:00,8.469887964
2016/1/11 18:05,8.856075923
2016/1/11 18:10,8.268482628
2016/1/11 18:15,8.856075923
2016/1/11 18:20,8.761482989
2016/1/11 18:25,8.268482628
2016/1/11 18:30,8.665618433
2016/1/11 18:35,6.782553171
2016/1/11 18:40,6.910331257
2016/1/11 18:45,6.518321504
2016/1/11 18:50,7.278153535
2016/1/11 18:55,6.38150748
2016/1/11 19:00,7.846769589
2016/1/11 19:05,6.910331257
2016/1/11 19:10,4.962162317
2016/1/11 19:15,6.241289378
2016/1/11 19:20,6.782553171
2016/1/11 19:25,7.035430861
2016/1/11 19:30,5.479979001
2016/1/11 19:35,6.518321504
2016/1/11 19:40,5.641306327
2016/1/11 19:45,7.51172762
2016/1/11 19:50,5.949686023
2016/1/11 19:55,5.797751972
2016/1/11 20:00,6.910331257
2016/1/11 20:05,5.949686023
2016/1/11 20:10,6.518321504
2016/1/11 20:15,5.140929288
2016/1/11 20:20,5.641306327
2016/1/11 20:25,5.641306327
2016/1/11 20:30,6.097435157
2016/1/11 20:35,4.582852358
2016/1/11 20:40,5.479979001
2016/1/11 20:45,4.582852358
2016/1/11 20:50,4.16859369
2016/1/11 20:55,4.776393431
2016/1/11 21:00,5.313348093
2016/1/11 21:05,4.380621469
2016/1/11 21:10,3.945413757
2016/1/11 21:15,4.776393431
2016/1/11 21:20,4.380621469
2016/1/11 21:25,4.380621469
2016/1/11 21:30,4.16859369
2016/1/11 21:35,4.962162317
2016/1/11 21:40,4.16859369
2016/1/11 21:45,3.709393975
2016/1/11 21:50,3.189608066
2016/1/11 21:55,3.709393975
2016/1/11 22:00,3.945413757
2016/1/11 22:05,3.189608066
2016/1/11 22:10,3.458389673
2016/1/11 22:15,4.380621469
2016/1/11 22:20,4.380621469
2016/1/11 22:25,3.945413757
2016/1/11 22:30,2.230796205
2016/1/11 22:35,3.189608066
2016/1/11 22:40,2.582246764
2016/1/11 22:45,1.832975732
2016/1/11 22:50,2.582246764
2016/1/11 22:55,3.709393975
2016/1/11 23:00,1.36812904
2016/1/11 23:05,2.582246764
2016/1/11 23:10,1.36812904
2016/1/11 23:15,1.832975732
2016/1/11 23:20,3.189608066
2016/1/11 23:25,3.458389673
2016/1/11 23:30,2.230796205
2016/1/11 23:35,1.832975732
2016/1/11 23:40,1.832975732
2016/1/11 23:45,1.36812904
2016/1/11 23:50,0.7946711
2016/1/11 23:55,1.36812904
2016/1/12 0:00,0.7946711
2016/1/12 0:05,2.230796205
2016/1/12 0:10,3.189608066
2016/1/12 0:15,1.36812904
2016/1/12 0:20,1.36812904
2016/1/12 0:25,1.832975732
2016/1/12 0:30,0.7946711
2016/1/12 0:35,0
2016/1/12 0:40,2.230796205
2016/1/12 0:45,2.89930149
2016/1/12 0:50,1.36812904
2016/1/12 0:55,1.36812904
2016/1/12 1:00,0
2016/1/12 1:05,1.36812904
2016/1/12 1:10,1.36812904
2016/1/12 1:15,0.7946711
2016/1/12 1:20,1.832975732
2016/1/12 1:25,0
2016/1/12 1:30,0.7946711
2016/1/12 1:35,0.7946711
2016/1/12 1:40,1.36812904
2016/1/12 1:45,0
2016/1/12 1:50,0.7946711
2016/1/12 1:55,0
2016/1/12 2:00,2.230796205
2016/1/12 2:05,1.36812904
2016/1/12 2:10,0
2016/1/12 2:15,0
2016/1/12 2:20,0.7946711
2016/1/12 2:25,0.7946711
2016/1/12 2:30,1.36812904
2016/1/12 2:35,1.832975732
2016/1/12 2:40,0.7946711
2016/1/12 2:45,2.89930149
2016/1/12 2:50,1.832975732
2016/1/12 2:55,0.7946711
2016/1/12 3:00,2.230796205
2016/1/12 3:05,1.832975732
2016/1/12 3:10,1.832975732
2016/1/12 3:15,0.7946711
2016/1/12 3:20,0.7946711
2016/1/12 3:25,0
2016/1/12 3:30,1.36812904
2016/1/12 3:35,1.36812904
2016/1/12 3:40,0
2016/1/12 3:45,0.7946711
2016/1/12 3:50,1.832975732
2016/1/12 3:55,1.832975732
2016/1/12 4:00,0
2016/1/12 4:05,1.36812904
2016/1/12 4:10,0
2016/1/12 4:15,0.7946711
2016/1/12 4:20,0.7946711
2016/1/12 4:25,0.7946711
2016/1/12 4:30,1.36812904
2016/1/12 4:35,2.230796205
2016/1/12 4:40,2.230796205
2016/1/12 4:45,0.7946711
2016/1/12 4:50,1.832975732
2016/1/12 4:55,2.89930149
2016/1/12 5:00,1.832975732
2016/1/12 5:05,1.36812904
2016/1/12 5:10,2.230796205
2016/1/12 5:15,2.582246764
2016/1/12 5:20,2.582246764
2016/1/12 5:25,1.832975732
2016/1/12 5:30,2.582246764
2016/1/12 5:35,3.189608066
2016/1/12 5:40,3.458389673
2016/1/12 5:45,3.709393975
2016/1/12 5:50,3.189608066
2016/1/12 5:55,5.479979001
2016/1/12 6:00,4.380621469
2016/1/12 6:05,5.140929288
2016/1/12 6:10,5.641306327
2016/1/12 6:15,5.797751972
2016/1/12 6:20,5.479979001
2016/1/12 6:25,6.782553171
2016/1/12 6:30,6.38150748
2016/1/12 6:35,7.396027591
2016/1/12 6:40,7.157994692
2016/1/12 6:45,7.62535594
2016/1/12 6:50,7.278153535
2016/1/12 6:55,8.665618433
2016/1/12 7:00,7.396027591
2016/1/12 7:05,9.399204412
2016/1/12 7:10,9.485990752
2016/1/12 7:15,9.823600117
2016/1/12 7:20,10.60937505
2016/1/12 7:25,11.32697827
2016/1/12 7:30,11.66465366
2016/1/12 7:35,10.9757304
2016/1/12 7:40,11.25785984
2016/1/12 7:45,10.60937505
2016/1/12 7:50,10.06752638
2016/1/12 7:55,11.39555456
2016/1/12 8:00,11.32697827
2016/1/12 8:05,11.32697827
2016/1/12 8:10,10.53413561
2016/1/12 8:15,9.740573482
2016/1/12 8:20,8.165512308
2016/1/12 8:25,10.9757304
2016/1/12 8:30,10.14719323
2016/1/12 8:35,10.30419086
2016/1/12 8:40,10.06752638
2016/1/12 8:45,10.06752638
2016/1/12 8:50,9.987053272
2016/1/12 8:55,10.06752638
2016/1/12 9:00,9.311406403
2016/1/12 9:05,8.761482989
2016/1/12 9:10,9.132647374
2016/1/12 9:15,9.823600117
2016/1/12 9:20,8.469887964
2016/1/12 9:25,7.62535594
2016/1/12 9:30,9.571795498
2016/1/12 9:35,10.06752638
2016/1/12 9:40,8.268482628
2016/1/12 9:45,9.041618156
2016/1/12 9:50,8.369921702
2016/1/12 9:55,9.041618156
2016/1/12 10:00,8.165512308
2016/1/12 10:05,8.665618433
2016/1/12 10:10,9.041618156
2016/1/12 10:15,7.396027591
2016/1/12 10:20,10.45820323
2016/1/12 10:25,8.568436319
2016/1/12 10:30,9.823600117
2016/1/12 10:35,9.485990752
2016/1/12 10:40,8.165512308
2016/1/12 10:45,7.737007291
2016/1/12 10:50,8.665618433
2016/1/12 10:55,8.369921702
2016/1/12 11:00,7.62535594
2016/1/12 11:05,8.469887964
2016/1/12 11:10,7.51172762
2016/1/12 11:15,8.268482628
2016/1/12 11:20,8.165512308
2016/1/12 11:25,7.954724587
2016/1/12 11:30,7.846769589
2016/1/12 11:35,7.396027591
2016/1/12 11:40,7.954724587
2016/1/12 11:45,7.396027591
2016/1/12 11:50,7.846769589
2016/1/12 11:55,8.268482628
2016/1/12 12:00,6.651940417
2016/1/12 12:05,6.518321504
2016/1/12 12:10,7.278153535
2016/1/12 12:15,7.035430861
2016/1/12 12:20,7.157994692
2016/1/12 12:25,8.761482989
2016/1/12 12:30,6.518321504
2016/1/12 12:35,8.060948458
2016/1/12 12:40,7.157994692
2016/1/12 12:45,7.954724587
2016/1/12 12:50,6.651940417
2016/1/12 12:55,7.278153535
2016/1/12 13:00,7.954724587
2016/1/12 13:05,8.165512308
2016/1/12 13:10,8.469887964
2016/1/12 13:15,7.51172762
2016/1/12 13:20,9.311406403
2016/1/12 13:25,8.856075923
2016/1/12 13:30,7.51172762
2016/1/12 13:35,8.369921702
2016/1/12 13:40,8.665618433
2016/1/12 13:45,7.396027591
2016/1/12 13:50,7.51172762
2016/1/12 13:55,7.954724587
2016/1/12 14:00,7.954724587
2016/1/12 14:05,8.165512308
2016/1/12 14:10,8.761482989
2016/1/12 14:15,9.311406403
2016/1/12 14:20,9.485990752
2016/1/12 14:25,7.278153535
2016/1/12 14:30,8.165512308
2016/1/12 14:35,7.278153535
2016/1/12 14:40,8.856075923
2016/1/12 14:45,8.060948458
2016/1/12 14:50,7.278153535
2016/1/12 14:55,8.268482628
2016/1/12 15:00,7.035430861
2016/1/12 15:05,9.222565132
2016/1/12 15:10,8.268482628
2016/1/12 15:15,8.949440629
2016/1/12 15:20,9.311406403
2016/1/12 15:25,9.311406403
2016/1/12 15:30,9.571795498
2016/1/12 15:35,9.485990752
2016/1/12 15:40,8.165512308
2016/1/12 15:45,8.665618433
2016/1/12 15:50,8.469887964
2016/1/12 15:55,10.45820323
2016/1/12 16:00,9.656647301
2016/1/12 16:05,10.38156089
2016/1/12 16:10,9.485990752
2016/1/12 16:15,9.905752111
2016/1/12 16:20,11.32697827
2016/1/12 16:25,10.60937505
2016/1/12 16:30,9.222565132
2016/1/12 16:35,9.823600117
2016/1/12 16:40,9.656647301
2016/1/12 16:45,8.369921702
2016/1/12 16:50,7.51172762
2016/1/12 16:55,9.823600117
2016/1/12 17:00,8.568436319
2016/1/12 17:05,9.041618156
2016/1/12 17:10,8.949440629
2016/1/12 17:15,7.51172762
2016/1/12 17:20,8.165512308
2016/1/12 17:25,8.856075923
2016/1/12 17:30,8.949440629
2016/1/12 17:35,7.035430861
2016/1/12 17:40,8.268482628
2016/1/12 17:45,9.485990752
2016/1/12 17:50,8.268482628
2016/1/12 17:55,8.761482989
2016/1/12 18:00,8.949440629
2016/1/12 18:05,9.041618156
2016/1/12 18:10,7.62535594
2016/1/12 18:15,9.656647301
2016/1/12 18:20,7.278153535
2016/1/12 18:25,7.278153535
2016/1/12 18:30,7.157994692
2016/1/12 18:35,7.396027591
2016/1/12 18:40,7.737007291
2016/1/12 18:45,7.62535594
2016/1/12 18:50,7.62535594
2016/1/12 18:55,8.165512308
2016/1/12 19:00,6.097435157
2016/1/12 19:05,7.035430861
2016/1/12 19:10,6.651940417
2016/1/12 19:15,6.910331257
2016/1/12 19:20,6.241289378
2016/1/12 19:25,4.962162317
2016/1/12 19:30,6.651940417
2016/1/12 19:35,5.641306327
2016/1/12 19:40,6.38150748
2016/1/12 19:45,5.641306327
2016/1/12 19:50,5.641306327
2016/1/12 19:55,6.241289378
2016/1/12 20:00,5.797751972
2016/1/12 20:05,5.949686023
2016/1/12 20:10,4.582852358
2016/1/12 20:15,4.962162317
2016/1/12 20:20,5.797751972
2016/1/12 20:25,5.313348093
2016/1/12 20:30,4.380621469
2016/1/12 20:35,4.962162317
2016/1/12 20:40,5.797751972
2016/1/12 20:45,5.313348093
2016/1/12 20:50,5.797751972
2016/1/12 20:55,5.479979001
2016/1/12 21:00,3.945413757
2016/1/12 21:05,5.140929288
2016/1/12 21:10,4.776393431
2016/1/12 21:15,4.380621469
2016/1/12 21:20,4.962162317
2016/1/12 21:25,4.776393431
2016/1/12 21:30,5.797751972
2016/1/12 21:35,5.641306327
2016/1/12 21:40,3.189608066
2016/1/12 21:45,2.582246764
2016/1/12 21:50,4.962162317
2016/1/12 21:55,3.189608066
2016/1/12 22:00,2.230796205
2016/1/12 22:05,4.962162317
2016/1/12 22:10,4.380621469
2016/1/12 22:15,3.458389673
2016/1/12 22:20,4.582852358
2016/1/12 22:25,3.458389673
2016/1/12 22:30,2.230796205
2016/1/12 22:35,2.230796205
2016/1/12 22:40,3.458389673
2016/1/12 22:45,2.89930149
2016/1/12 22:50,3.709393975
2016/1/12 22:55,2.582246764
2016/1/12 23:00,2.582246764
2016/1/12 23:05,2.230796205
2016/1/12 23:10,2.89930149
2016/1/12 23:15,2.230796205
2016/1/12 23:20,2.89930149
2016/1/12 23:25,0.7946711
2016/1/12 23:30,3.945413757
2016/1/12 23:35,1.832975732
2016/1/12 23:40,2.230796205
2016/1/12 23:45,2.230796205
2016/1/12 23:50,2.230796205
2016/1/12 23:55,2.230796205
2016/1/13 0:00,0
2016/1/13 0:05,2.230796205
2016/1/13 0:10,2.230796205
2016/1/13 0:15,2.230796205
2016/1/13 0:20,1.36812904
2016/1/13 0:25,1.36812904
2016/1/13 0:30,3.189608066
2016/1/13 0:35,0.7946711
2016/1/13 0:40,1.36812904
2016/1/13 0:45,1.36812904
2016/1/13 0:50,2.582246764
2016/1/13 0:55,2.230796205
2016/1/13 1:00,0
2016/1/13 1:05,1.832975732
2016/1/13 1:10,2.230796205
2016/1/13 1:15,0.7946711
2016/1/13 1:20,1.832975732
2016/1/13 1:25,0
2016/1/13 1:30,1.832975732
2016/1/13 1:35,1.36812904
2016/1/13 1:40,0
2016/1/13 1:45,0
2016/1/13 1:50,2.582246764
2016/1/13 1:55,1.832975732
2016/1/13 2:00,1.36812904
2016/1/13 2:05,2.230796205
2016/1/13 2:10,1.36812904
2016/1/13 2:15,0.7946711
2016/1/13 2:20,0
2016/1/13 2:25,1.832975732
2016/1/13 2:30,1.832975732
2016/1/13 2:35,0.7946711
2016/1/13 2:40,1.36812904
2016/1/13 2:45,0
2016/1/13 2:50,1.832975732
2016/1/13 2:55,1.832975732
2016/1/13 3:00,0.7946711
2016/1/13 3:05,1.36812904
2016/1/13 3:10,1.36812904
2016/1/13 3:15,1.36812904
2016/1/13 3:20,0.7946711
2016/1/13 3:25,0.7946711
2016/1/13 3:30,1.36812904
2016/1/13 3:35,0.7946711
2016/1/13 3:40,0.7946711
2016/1/13 3:45,0.7946711
2016/1/13 3:50,0.7946711
2016/1/13 3:55,1.36812904
2016/1/13 4:00,0.7946711
2016/1/13 4:05,1.832975732
2016/1/13 4:10,1.832975732
2016/1/13 4:15,0.7946711
2016/1/13 4:20,1.832975732
2016/1/13 4:25,0.7946711
2016/1/13 4:30,0.7946711
2016/1/13 4:35,1.36812904
2016/1/13 4:40,1.832975732
2016/1/13 4:45,1.36812904
2016/1/13 4:50,1.832975732
2016/1/13 4:55,2.230796205
2016/1/13 5:00,2.582246764
2016/1/13 5:05,1.36812904
2016/1/13 5:10,1.832975732
2016/1/13 5:15,2.230796205
2016/1/13 5:20,2.230796205
2016/1/13 5:25,1.36812904
2016/1/13 5:30,1.832975732
2016/1/13 5:35,3.945413757
2016/1/13 5:40,2.582246764
2016/1/13 5:45,2.89930149
2016/1/13 5:50,4.776393431
2016/1/13 5:55,5.479979001
2016/1/13 6:00,4.776393431
2016/1/13 6:05,3.945413757
2016/1/13 6:10,6.097435157
2016/1/13 6:15,5.641306327
2016/1/13 6:20,6.518321504
2016/1/13 6:25,6.782553171
2016/1/13 6:30,7.157994692
2016/1/13 6:35,6.651940417
2016/1/13 6:40,7.846769589
2016/1/13 6:45,7.954724587
2016/1/13 6:50,7.278153535
2016/1/13 6:55,8.568436319
2016/1/13 7:00,8.165512308
2016/1/13 7:05,9.399204412
2016/1/13 7:10,9.399204412
2016/1/13 7:15,9.222565132
2016/1/13 7:20,9.656647301
2016/1/13 7:25,9.740573482
2016/1/13 7:30,10.38156089
2016/1/13 7:35,9.823600117
2016/1/13 7:40,11.7306778
2016/1/13 7:45,11.92590025
2016/1/13 7:50,10.75784001
2016/1/13 7:55,9.823600117
2016/1/13 8:00,11.18818785
2016/1/13 8:05,10.83109645
2016/1/13 8:10,9.987053272
2016/1/13 8:15,10.22607471
2016/1/13 8:20,8.856075923
2016/1/13 8:25,10.30419086
2016/1/13 8:30,9.823600117
2016/1/13 8:35,10.53413561
2016/1/13 8:40,9.987053272
2016/1/13 8:45,9.905752111
2016/1/13 8:50,10.45820323
2016/1/13 8:55,10.14719323
2016/1/13 9:00,9.311406403
2016/1/13 9:05,8.268482628
2016/1/13 9:10,10.14719323
2016/1/13 9:15,9.571795498
2016/1/13 9:20,8.060948458
2016/1/13 9:25,9.399204412
2016/1/13 9:30,8.568436319
2016/1/13 9:35,9.571795498
2016/1/13 9:40,7.62535594
2016/1/13 9:45,9.740573482
2016/1/13 9:50,8.268482628
2016/1/13 9:55,8.761482989
2016/1/13 10:00,9.132647374
2016/1/13 10:05,8.949440629
2016/1/13 10:10,7.954724587
2016/1/13 10:15,8.761482989
2016/1/13 10:20,8.761482989
2016/1/13 10:25,9.399204412
2016/1/13 10:30,7.737007291
2016/1/13 10:35,9.132647374
2016/1/13 10:40,8.568436319
2016/1/13 10:45,8.369921702
2016/1/13 10:50,7.737007291
2016/1/13 10:55,8.469887964
2016/1/13 11:00,7.846769589
2016/1/13 11:05,9.656647301
2016/1/13 11:10,8.761482989
2016/1/13 11:15,7.51172762
2016/1/13 11:20,9.311406403
2016/1/13 11:25,8.060948458
2016/1/13 11:30,7.954724587
2016/1/13 11:35,8.268482628
2016/1/13 11:40,9.132647374
2016/1/13 11:45,7.62535594
2016/1/13 11:50,6.651940417
2016/1/13 11:55,6.782553171
2016/1/13 12:00,7.396027591
2016/1/13 12:05,8.469887964
2016/1/13 12:10,7.954724587
2016/1/13 12:15,6.518321504
2016/1/13 12:20,6.782553171
2016/1/13 12:25,7.396027591
2016/1/13 12:30,7.846769589
2016/1/13 12:35,7.62535594
2016/1/13 12:40,8.060948458
2016/1/13 12:45,7.51172762
2016/1/13 12:50,8.469887964
2016/1/13 12:55,7.51172762
2016/1/13 13:00,8.060948458
2016/1/13 13:05,8.165512308
2016/1/13 13:10,9.222565132
2016/1/13 13:15,7.157994692
2016/1/13 13:20,8.469887964
2016/1/13 13:25,7.278153535
2016/1/13 13:30,8.469887964
2016/1/13 13:35,8.369921702
2016/1/13 13:40,8.060948458
2016/1/13 13:45,7.62535594
2016/1/13 13:50,8.165512308
2016/1/13 13:55,8.469887964
2016/1/13 14:00,7.954724587
2016/1/13 14:05,8.856075923
2016/1/13 14:10,8.060948458
2016/1/13 14:15,9.041618156
2016/1/13 14:20,7.954724587
2016/1/13 14:25,9.740573482
2016/1/13 14:30,8.568436319
2016/1/13 14:35,6.782553171
2016/1/13 14:40,7.278153535
2016/1/13 14:45,8.761482989
2016/1/13 14:50,8.060948458
2016/1/13 14:55,9.823600117
2016/1/13 15:00,7.954724587
2016/1/13 15:05,9.485990752
2016/1/13 15:10,9.987053272
2016/1/13 15:15,8.949440629
2016/1/13 15:20,8.469887964
2016/1/13 15:25,7.954724587
2016/1/13 15:30,7.62535594
2016/1/13 15:35,8.665618433
2016/1/13 15:40,7.62535594
2016/1/13 15:45,10.60937505
2016/1/13 15:50,8.856075923
2016/1/13 15:55,9.571795498
2016/1/13 16:00,7.737007291
2016/1/13 16:05,10.06752638
2016/1/13 16:10,10.45820323
2016/1/13 16:15,10.53413561
2016/1/13 16:20,10.30419086
2016/1/13 16:25,9.740573482
2016/1/13 16:30,9.656647301
2016/1/13 16:35,10.9757304
2016/1/13 16:40,9.740573482
2016/1/13 16:45,10.30419086
2016/1/13 16:50,9.740573482
2016/1/13 16:55,9.311406403
2016/1/13 17:00,9.311406403
2016/1/13 17:05,8.761482989
2016/1/13 17:10,8.268482628
2016/1/13 17:15,8.060948458
2016/1/13 17:20,8.268482628
2016/1/13 17:25,9.132647374
2016/1/13 17:30,8.761482989
2016/1/13 17:35,7.157994692
2016/1/13 17:40,7.954724587
2016/1/13 17:45,8.949440629
2016/1/13 17:50,7.737007291
2016/1/13 17:55,8.469887964
2016/1/13 18:00,8.165512308
2016/1/13 18:05,8.060948458
2016/1/13 18:10,8.369921702
2016/1/13 18:15,8.856075923
2016/1/13 18:20,7.396027591
2016/1/13 18:25,7.846769589
2016/1/13 18:30,7.278153535
2016/1/13 18:35,7.278153535
2016/1/13 18:40,6.910331257
2016/1/13 18:45,7.62535594
2016/1/13 18:50,6.910331257
2016/1/13 18:55,6.38150748
2016/1/13 19:00,6.241289378
2016/1/13 19:05,6.38150748
2016/1/13 19:10,6.241289378
2016/1/13 19:15,4.776393431
2016/1/13 19:20,6.241289378
2016/1/13 19:25,5.797751972
2016/1/13 19:30,5.949686023
2016/1/13 19:35,4.776393431
2016/1/13 19:40,5.313348093
2016/1/13 19:45,4.962162317
2016/1/13 19:50,5.479979001
2016/1/13 19:55,7.737007291
2016/1/13 20:00,6.097435157
2016/1/13 20:05,4.582852358
2016/1/13 20:10,4.582852358
2016/1/13 20:15,5.641306327
2016/1/13 20:20,6.241289378
2016/1/13 20:25,4.16859369
2016/1/13 20:30,5.797751972
2016/1/13 20:35,5.641306327
2016/1/13 20:40,4.16859369
2016/1/13 20:45,5.313348093
2016/1/13 20:50,5.313348093
2016/1/13 20:55,4.16859369
2016/1/13 21:00,2.89930149
2016/1/13 21:05,4.380621469
2016/1/13 21:10,3.709393975
2016/1/13 21:15,5.313348093
2016/1/13 21:20,6.241289378
2016/1/13 21:25,5.140929288
2016/1/13 21:30,4.16859369
2016/1/13 21:35,4.776393431
2016/1/13 21:40,3.458389673
2016/1/13 21:45,3.189608066
2016/1/13 21:50,2.89930149
2016/1/13 21:55,2.582246764
2016/1/13 22:00,2.582246764
2016/1/13 22:05,4.582852358
2016/1/13 22:10,4.16859369
2016/1/13 22:15,2.230796205
2016/1/13 22:20,4.380621469
2016/1/13 22:25,3.189608066
2016/1/13 22:30,3.458389673
2016/1/13 22:35,3.189608066
2016/1/13 22:40,2.89930149
2016/1/13 22:45,3.945413757
2016/1/13 22:50,2.89930149
2016/1/13 22:55,1.36812904
2016/1/13 23:00,1.832975732
2016/1/13 23:05,2.89930149
2016/1/13 23:10,2.230796205
2016/1/13 23:15,2.230796205
2016/1/13 23:20,3.458389673
2016/1/13 23:25,3.189608066
2016/1/13 23:30,1.36812904
2016/1/13 23:35,1.36812904
2016/1/13 23:40,0.7946711
2016/1/13 23:45,1.832975732
2016/1/13 23:50,1.832975732
2016/1/13 23:55,0
2016/1/14 0:00,1.832975732
2016/1/14 0:05,2.582246764
2016/1/14 0:10,1.832975732
2016/1/14 0:15,1.36812904
2016/1/14 0:20,0.7946711
2016/1/14 0:25,2.230796205
2016/1/14 0:30,2.89930149
2016/1/14 0:35,2.230796205
2016/1/14 0:40,2.230796205
2016/1/14 0:45,1.36812904
2016/1/14 0:50,1.832975732
2016/1/14 0:55,2.230796205
2016/1/14 1:00,2.230796205
2016/1/14 1:05,0.7946711
2016/1/14 1:10,0.7946711
2016/1/14 1:15,0.7946711
2016/1/14 1:20,1.36812904
2016/1/14 1:25,1.36812904
2016/1/14 1:30,0.7946711
2016/1/14 1:35,1.36812904
2016/1/14 1:40,0.7946711
2016/1/14 1:45,1.36812904
2016/1/14 1:50,0
2016/1/14 1:55,2.230796205
2016/1/14 2:00,2.230796205
2016/1/14 2:05,0
2016/1/14 2:10,0.7946711
2016/1/14 2:15,0.7946711
2016/1/14 2:20,0.7946711
2016/1/14 2:25,1.36812904
2016/1/14 2:30,2.230796205
2016/1/14 2:35,1.36812904
2016/1/14 2:40,1.36812904
2016/1/14 2:45,0
2016/1/14 2:50,0.7946711
2016/1/14 2:55,1.832975732
2016/1/14 3:00,0.7946711
2016/1/14 3:05,0.7946711
2016/1/14 3:10,0.7946711
2016/1/14 3:15,0.7946711
2016/1/14 3:20,1.36812904
2016/1/14 3:25,1.36812904
2016/1/14 3:30,2.89930149
2016/1/14 3:35,1.36812904
2016/1/14 3:40,0
2016/1/14 3:45,0
2016/1/14 3:50,1.36812904
2016/1/14 3:55,0.7946711
2016/1/14 4:00,0
2016/1/14 4:05,0
2016/1/14 4:10,1.36812904
2016/1/14 4:15,1.36812904
2016/1/14 4:20,1.36812904
2016/1/14 4:25,0.7946711
2016/1/14 4:30,1.36812904
2016/1/14 4:35,2.230796205
2016/1/14 4:40,1.832975732
2016/1/14 4:45,1.36812904
2016/1/14 4:50,2.582246764
2016/1/14 4:55,1.832975732
2016/1/14 5:00,2.230796205
2016/1/14 5:05,1.36812904
2016/1/14 5:10,2.230796205
2016/1/14 5:15,1.36812904
2016/1/14 5:20,3.458389673
2016/1/14 5:25,3.189608066
2016/1/14 5:30,3.709393975
2016/1/14 5:35,3.458389673
2016/1/14 5:40,3.458389673
2016/1/14 5:45,3.709393975
2016/1/14 5:50,4.582852358
2016/1/14 5:55,5.479979001
2016/1/14 6:00,4.380621469
2016/1/14 6:05,3.709393975
2016/1/14 6:10,5.313348093
2016/1/14 6:15,5.313348093
2016/1/14 6:20,6.097435157
2016/1/14 6:25,6.241289378
2016/1/14 6:30,6.097435157
2016/1/14 6:35,5.641306327
2016/1/14 6:40,5.641306327
2016/1/14 6:45,8.469887964
2016/1/14 6:50,8.060948458
2016/1/14 6:55,7.035430861
2016/1/14 7:00,7.954724587
2016/1/14 7:05,8.469887964
2016/1/14 7:10,9.905752111
2016/1/14 7:15,9.399204412
2016/1/14 7:20,9.311406403
2016/1/14 7:25,10.60937505
2016/1/14 7:30,11.18818785
2016/1/14 7:35,10.30419086
2016/1/14 7:40,10.90372189
2016/1/14 7:45,10.90372189
2016/1/14 7:50,11.92590025
2016/1/14 7:55,10.68393793
2016/1/14 8:00,10.68393793
2016/1/14 8:05,10.9757304
2016/1/14 8:10,11.18818785
2016/1/14 8:15,10.22607471
2016/1/14 8:20,10.90372189
2016/1/14 8:25,10.68393793
2016/1/14 8:30,10.30419086
2016/1/14 8:35,9.041618156
2016/1/14 8:40,8.268482628
2016/1/14 8:45,9.905752111
2016/1/14 8:50,9.041618156
2016/1/14 8:55,10.68393793
2016/1/14 9:00,10.53413561
2016/1/14 9:05,10.83109645
2016/1/14 9:10,8.268482628
2016/1/14 9:15,8.369921702
2016/1/14 9:20,9.222565132
2016/1/14 9:25,8.949440629
2016/1/14 9:30,7.396027591
2016/1/14 9:35,10.22607471
2016/1/14 9:40,9.132647374
2016/1/14 9:45,9.571795498
2016/1/14 9:50,8.856075923
2016/1/14 9:55,8.268482628
2016/1/14 10:00,8.369921702
2016/1/14 10:05,9.485990752
2016/1/14 10:10,7.846769589
2016/1/14 10:15,8.949440629
2016/1/14 10:20,8.761482989
2016/1/14 10:25,9.485990752
2016/1/14 10:30,7.737007291
2016/1/14 10:35,8.469887964
2016/1/14 10:40,7.846769589
2016/1/14 10:45,9.311406403
2016/1/14 10:50,9.222565132
2016/1/14 10:55,8.165512308
2016/1/14 11:00,8.060948458
2016/1/14 11:05,8.165512308
2016/1/14 11:10,8.165512308
2016/1/14 11:15,7.846769589
2016/1/14 11:20,7.737007291
2016/1/14 11:25,7.396027591
2016/1/14 11:30,8.369921702
2016/1/14 11:35,7.846769589
2016/1/14 11:40,8.665618433
2016/1/14 11:45,8.665618433
2016/1/14 11:50,6.651940417
2016/1/14 11:55,7.737007291
2016/1/14 12:00,8.060948458
2016/1/14 12:05,7.035430861
2016/1/14 12:10,7.035430861
2016/1/14 12:15,7.396027591
2016/1/14 12:20,7.396027591
2016/1/14 12:25,8.268482628
2016/1/14 12:30,8.060948458
2016/1/14 12:35,8.568436319
2016/1/14 12:40,8.369921702
2016/1/14 12:45,8.761482989
2016/1/14 12:50,8.165512308
2016/1/14 12:55,8.469887964
2016/1/14 13:00,8.060948458
2016/1/14 13:05,7.51172762
2016/1/14 13:10,8.060948458
2016/1/14 13:15,9.311406403
2016/1/14 13:20,7.51172762
2016/1/14 13:25,8.949440629
2016/1/14 13:30,7.62535594
2016/1/14 13:35,8.469887964
2016/1/14 13:40,7.278153535
2016/1/14 13:45,9.823600117
2016/1/14 13:50,7.396027591
2016/1/14 13:55,6.651940417
2016/1/14 14:00,7.954724587
2016/1/14 14:05,7.51172762
2016/1/14 14:10,8.568436319
2016/1/14 14:15,8.268482628
2016/1/14 14:20,8.165512308
2016/1/14 14:25,9.311406403
2016/1/14 14:30,8.665618433
2016/1/14 14:35,8.268482628
2016/1/14 14:40,6.782553171
2016/1/14 14:45,7.278153535
2016/1/14 14:50,8.369921702
2016/1/14 14:55,9.571795498
2016/1/14 15:00,8.369921702
2016/1/14 15:05,9.132647374
2016/1/14 15:10,6.651940417
2016/1/14 15:15,7.846769589
2016/1/14 15:20,8.568436319
2016/1/14 15:25,8.268482628
2016/1/14 15:30,7.954724587
2016/1/14 15:35,7.954724587
2016/1/14 15:40,9.740573482
2016/1/14 15:45,8.568436319
2016/1/14 15:50,8.369921702
2016/1/14 15:55,9.905752111
2016/1/14 16:00,8.856075923
2016/1/14 16:05,11.1179505
2016/1/14 16:10,8.761482989
2016/1/14 16:15,11.1179505
2016/1/14 16:20,10.38156089
2016/1/14 16:25,10.68393793
2016/1/14 16:30,11.1179505
2016/1/14 16:35,9.485990752
2016/1/14 16:40,10.9757304
2016/1/14 16:45,8.856075923
2016/1/14 16:50,10.90372189
2016/1/14 16:55,8.856075923
2016/1/14 17:00,8.949440629
2016/1/14 17:05,9.132647374
2016/1/14 17:10,9.905752111
2016/1/14 17:15,9.041618156
2016/1/14 17:20,9.740573482
2016/1/14 17:25,8.165512308
2016/1/14 17:30,9.987053272
2016/1/14 17:35,9.311406403
2016/1/14 17:40,8.369921702
2016/1/14 17:45,9.571795498
2016/1/14 17:50,7.737007291
2016/1/14 17:55,9.987053272
2016/1/14 18:00,9.041618156
2016/1/14 18:05,8.369921702
2016/1/14 18:10,8.949440629
2016/1/14 18:15,8.268482628
2016/1/14 18:20,6.910331257
2016/1/14 18:25,8.761482989
2016/1/14 18:30,7.737007291
2016/1/14 18:35,7.035430861
2016/1/14 18:40,6.782553171
2016/1/14 18:45,7.035430861
2016/1/14 18:50,5.797751972
2016/1/14 18:55,6.097435157
2016/1/14 19:00,6.38150748
2016/1/14 19:05,5.949686023
2016/1/14 19:10,7.157994692
2016/1/14 19:15,7.396027591
2016/1/14 19:20,3.945413757
2016/1/14 19:25,5.949686023
2016/1/14 19:30,6.241289378
2016/1/14 19:35,6.241289378
2016/1/14 19:40,6.38150748
2016/1/14 19:45,6.097435157
2016/1/14 19:50,6.782553171
2016/1/14 19:55,6.651940417
2016/1/14 20:00,4.582852358
2016/1/14 20:05,4.582852358
2016/1/14 20:10,6.097435157
2016/1/14 20:15,4.962162317
2016/1/14 20:20,4.582852358
2016/1/14 20:25,5.313348093
2016/1/14 20:30,4.380621469
2016/1/14 20:35,3.458389673
2016/1/14 20:40,5.140929288
2016/1/14 20:45,4.962162317
2016/1/14 20:50,4.16859369
2016/1/14 20:55,4.582852358
2016/1/14 21:00,3.458389673
2016/1/14 21:05,2.89930149
2016/1/14 21:10,4.16859369
2016/1/14 21:15,5.641306327
2016/1/14 21:20,5.140929288
2016/1/14 21:25,4.776393431
2016/1/14 21:30,4.16859369
2016/1/14 21:35,4.962162317
2016/1/14 21:40,4.380621469
2016/1/14 21:45,4.16859369
2016/1/14 21:50,4.962162317
2016/1/14 21:55,3.458389673
2016/1/14 22:00,3.189608066
2016/1/14 22:05,3.709393975
2016/1/14 22:10,5.140929288
2016/1/14 22:15,3.458389673
2016/1/14 22:20,4.16859369
2016/1/14 22:25,3.709393975
2016/1/14 22:30,2.89930149
2016/1/14 22:35,3.458389673
2016/1/14 22:40,2.230796205
2016/1/14 22:45,3.945413757
2016/1/14 22:50,2.230796205
2016/1/14 22:55,1.832975732
2016/1/14 23:00,1.36812904
2016/1/14 23:05,1.832975732
2016/1/14 23:10,2.230796205
2016/1/14 23:15,2.230796205
2016/1/14 23:20,2.230796205
2016/1/14 23:25,2.89930149
2016/1/14 23:30,2.230796205
2016/1/14 23:35,2.230796205
2016/1/14 23:40,1.36812904
2016/1/14 23:45,3.189608066
2016/1/14 23:50,2.582246764
2016/1/14 23:55,1.36812904
2016/1/15 0:00,2.582246764
2016/1/15 0:05,0.7946711
2016/1/15 0:10,2.230796205
2016/1/15 0:15,1.36812904
2016/1/15 0:20,1.36812904
2016/1/15 0:25,0.7946711
2016/1/15 0:30,1.832975732
2016/1/15 0:35,2.230796205
2016/1/15 0:40,2.582246764
2016/1/15 0:45,2.230796205
2016/1/15 0:50,3.709393975
2016/1/15 0:55,1.36812904
2016/1/15 1:00,1.36812904
2016/1/15 1:05,0.7946711
2016/1/15 1:10,0.7946711
2016/1/15 1:15,1.832975732
2016/1/15 1:20,0.7946711
2016/1/15 1:25,0
2016/1/15 1:30,1.832975732
2016/1/15 1:35,1.36812904
2016/1/15 1:40,1.832975732
2016/1/15 1:45,0
2016/1/15 1:50,2.230796205
2016/1/15 1:55,0
2016/1/15 2:00,2.582246764
2016/1/15 2:05,1.36812904
2016/1/15 2:10,0
2016/1/15 2:15,1.36812904
2016/1/15 2:20,0
2016/1/15 2:25,0
2016/1/15 2:30,1.36812904
2016/1/15 2:35,0.7946711
2016/1/15 2:40,0.7946711
2016/1/15 2:45,0.7946711
2016/1/15 2:50,1.36812904
2016/1/15 2:55,0
2016/1/15 3:00,2.230796205
2016/1/15 3:05,0.7946711
2016/1/15 3:10,0.7946711
2016/1/15 3:15,0.7946711
2016/1/15 3:20,1.36812904
2016/1/15 3:25,1.36812904
2016/1/15 3:30,1.36812904
2016/1/15 3:35,1.36812904
2016/1/15 3:40,1.36812904
2016/1/15 3:45,0.7946711
2016/1/15 3:50,1.832975732
2016/1/15 3:55,0.7946711
2016/1/15 4:00,2.582246764
2016/1/15 4:05,1.36812904
2016/1/15 4:10,2.582246764
2016/1/15 4:15,1.832975732
2016/1/15 4:20,0
2016/1/15 4:25,0
2016/1/15 4:30,1.36812904
2016/1/15 4:35,1.832975732
2016/1/15 4:40,3.189608066
2016/1/15 4:45,0
2016/1/15 4:50,1.832975732
2016/1/15 4:55,1.36812904
2016/1/15 5:00,1.832975732
2016/1/15 5:05,1.36812904
2016/1/15 5:10,3.458389673
2016/1/15 5:15,1.36812904
2016/1/15 5:20,2.89930149
2016/1/15 5:25,1.832975732
2016/1/15 5:30,0.7946711
2016/1/15 5:35,3.189608066
2016/1/15 5:40,3.945413757
2016/1/15 5:45,3.945413757
2016/1/15 5:50,3.189608066
2016/1/15 5:55,4.582852358
2016/1/15 6:00,3.945413757
2016/1/15 6:05,3.189608066
2016/1/15 6:10,5.797751972
2016/1/15 6:15,5.479979001
2016/1/15 6:20,6.38150748
2016/1/15 6:25,7.157994692
2016/1/15 6:30,4.962162317
2016/1/15 6:35,7.157994692
2016/1/15 6:40,8.060948458
2016/1/15 6:45,7.278153535
2016/1/15 6:50,5.949686023
2016/1/15 6:55,8.568436319
2016/1/15 7:00,7.51172762
2016/1/15 7:05,8.568436319
2016/1/15 7:10,8.856075923
2016/1/15 7:15,8.949440629
2016/1/15 7:20,10.45820323
2016/1/15 7:25,9.740573482
2016/1/15 7:30,10.22607471
2016/1/15 7:35,10.60937505
2016/1/15 7:40,10.45820323
2016/1/15 7:45,11.04713556
2016/1/15 7:50,9.987053272
2016/1/15 7:55,10.68393793
2016/1/15 8:00,11.92590025
2016/1/15 8:05,10.22607471
2016/1/15 8:10,10.53413561
2016/1/15 8:15,10.98405805
2016/1/15 8:20,11.09083701
2016/1/15 8:25,11.37527986
2016/1/15 8:30,11.06838142
2016/1/15 8:35,11.26141348
2016/1/15 8:40,11.48264943
2016/1/15 8:45,11.3538367
2016/1/15 8:50,11.30386157
2016/1/15 8:55,11.47334629
2016/1/15 9:00,11.46015055
2016/1/15 9:05,11.42901578
2016/1/15 9:10,11.54989328
2016/1/15 9:15,11.4117187
2016/1/15 9:20,11.52551536
2016/1/15 9:25,11.44343093
2016/1/15 9:30,11.42272749
2016/1/15 9:35,11.35657992
2016/1/15 9:40,11.27392251
2016/1/15 9:45,11.30829935
2016/1/15 9:50,11.17105925
2016/1/15 9:55,11.13452938
2016/1/15 10:00,11.14558171
2016/1/15 10:05,10.94757423
2016/1/15 10:10,10.94012878
2016/1/15 10:15,10.89546363
2016/1/15 10:20,10.74584598
2016/1/15 10:25,10.73344296
2016/1/15 10:30,10.62888533
2016/1/15 10:35,10.51907599
2016/1/15 10:40,10.45594369
2016/1/15 10:45,10.32595047
2016/1/15 10:50,10.2345726
2016/1/15 10:55,10.14649751
2016/1/15 11:00,10.03197608
2016/1/15 11:05,9.918139263
2016/1/15 11:10,9.829721492
2016/1/15 11:15,9.707250032
2016/1/15 11:20,9.596978586
2016/1/15 11:25,9.489301736
2016/1/15 11:30,9.367547523
2016/1/15 11:35,9.254539952
2016/1/15 11:40,9.13557077
2016/1/15 11:45,9.025676215
2016/1/15 11:50,8.901382541
2016/1/15 11:55,8.788789059
2016/1/15 12:00,8.677784757
2016/1/15 12:05,8.547478913
2016/1/15 12:10,8.439502054
2016/1/15 12:15,8.323824555
2016/1/15 12:20,8.199140905
