,x
1,2016/1/4 22:20
2,2016/1/4 22:25
3,2016/1/4 22:30
4,2016/1/4 22:35
5,2016/1/4 22:40
6,2016/1/4 22:45
7,2016/1/4 22:50
8,2016/1/4 22:55
9,2016/1/4 23:00
10,2016/1/4 23:05
11,2016/1/4 23:10
12,2016/1/4 23:15
13,2016/1/4 23:20
14,2016/1/4 23:25
15,2016/1/4 23:30
16,2016/1/4 23:35
17,2016/1/4 23:40
18,2016/1/4 23:45
19,2016/1/4 23:50
20,2016/1/4 23:55
21,2016/1/5 0:00
22,2016/1/5 0:05
23,2016/1/5 0:10
24,2016/1/5 0:15
25,2016/1/5 0:20
26,2016/1/5 0:25
27,2016/1/5 0:30
28,2016/1/5 0:35
29,2016/1/5 0:40
30,2016/1/5 0:45
31,2016/1/5 0:50
32,2016/1/5 0:55
33,2016/1/5 1:00
34,2016/1/5 1:05
35,2016/1/5 1:10
36,2016/1/5 1:15
37,2016/1/5 1:20
38,2016/1/5 1:25
39,2016/1/5 1:30
40,2016/1/5 1:35
41,2016/1/5 1:40
42,2016/1/5 1:45
43,2016/1/5 1:50
44,2016/1/5 1:55
45,2016/1/5 2:00
46,2016/1/5 2:05
47,2016/1/5 2:10
48,2016/1/5 2:15
49,2016/1/5 2:20
50,2016/1/5 2:25
51,2016/1/5 2:30
52,2016/1/5 2:35
53,2016/1/5 2:40
54,2016/1/5 2:45
55,2016/1/5 2:50
56,2016/1/5 2:55
57,2016/1/5 3:00
58,2016/1/5 3:05
59,2016/1/5 3:10
60,2016/1/5 3:15
61,2016/1/5 3:20
62,2016/1/5 3:25
63,2016/1/5 3:30
64,2016/1/5 3:35
65,2016/1/5 3:40
66,2016/1/5 3:45
67,2016/1/5 3:50
68,2016/1/5 3:55
69,2016/1/5 4:00
70,2016/1/5 4:05
71,2016/1/5 4:10
72,2016/1/5 4:15
73,2016/1/5 4:20
74,2016/1/5 4:25
75,2016/1/5 4:30
76,2016/1/5 4:35
77,2016/1/5 4:40
78,2016/1/5 4:45
79,2016/1/5 4:50
80,2016/1/5 4:55
81,2016/1/5 5:00
82,2016/1/5 5:05
83,2016/1/5 5:10
84,2016/1/5 5:15
85,2016/1/5 5:20
86,2016/1/5 5:25
87,2016/1/5 5:30
88,2016/1/5 5:35
89,2016/1/5 5:40
90,2016/1/5 5:45
91,2016/1/5 5:50
92,2016/1/5 5:55
93,2016/1/5 6:00
94,2016/1/5 6:05
95,2016/1/5 6:10
96,2016/1/5 6:15
97,2016/1/5 6:20
98,2016/1/5 6:25
99,2016/1/5 6:30
100,2016/1/5 6:35
101,2016/1/5 6:40
102,2016/1/5 6:45
103,2016/1/5 6:50
104,2016/1/5 6:55
105,2016/1/5 7:00
106,2016/1/5 7:05
107,2016/1/5 7:10
108,2016/1/5 7:15
109,2016/1/5 7:20
110,2016/1/5 7:25
111,2016/1/5 7:30
112,2016/1/5 7:35
113,2016/1/5 7:40
114,2016/1/5 7:45
115,2016/1/5 7:50
116,2016/1/5 7:55
117,2016/1/5 8:00
118,2016/1/5 8:05
119,2016/1/5 8:10
120,2016/1/5 8:15
121,2016/1/5 8:20
122,2016/1/5 8:25
123,2016/1/5 8:30
124,2016/1/5 8:35
125,2016/1/5 8:40
126,2016/1/5 8:45
127,2016/1/5 8:50
128,2016/1/5 8:55
129,2016/1/5 9:00
130,2016/1/5 9:05
131,2016/1/5 9:10
132,2016/1/5 9:15
133,2016/1/5 9:20
134,2016/1/5 9:25
135,2016/1/5 9:30
136,2016/1/5 9:35
137,2016/1/5 9:40
138,2016/1/5 9:45
139,2016/1/5 9:50
140,2016/1/5 9:55
141,2016/1/5 10:00
142,2016/1/5 10:05
143,2016/1/5 10:10
144,2016/1/5 10:15
145,2016/1/5 10:20
146,2016/1/5 10:25
147,2016/1/5 10:30
148,2016/1/5 10:35
149,2016/1/5 10:40
150,2016/1/5 10:45
151,2016/1/5 10:50
152,2016/1/5 10:55
153,2016/1/5 11:00
154,2016/1/5 11:05
155,2016/1/5 11:10
156,2016/1/5 11:15
157,2016/1/5 11:20
158,2016/1/5 11:25
159,2016/1/5 11:30
160,2016/1/5 11:35
161,2016/1/5 11:40
162,2016/1/5 11:45
163,2016/1/5 11:50
164,2016/1/5 11:55
165,2016/1/5 12:00
166,2016/1/5 12:05
167,2016/1/5 12:10
168,2016/1/5 12:15
169,2016/1/5 12:20
170,2016/1/5 12:25
171,2016/1/5 12:30
172,2016/1/5 12:35
173,2016/1/5 12:40
174,2016/1/5 12:45
175,2016/1/5 12:50
176,2016/1/5 12:55
177,2016/1/5 13:00
178,2016/1/5 13:05
179,2016/1/5 13:10
180,2016/1/5 13:15
181,2016/1/5 13:20
182,2016/1/5 13:25
183,2016/1/5 13:30
184,2016/1/5 13:35
185,2016/1/5 13:40
186,2016/1/5 13:45
187,2016/1/5 13:50
188,2016/1/5 13:55
189,2016/1/5 14:00
190,2016/1/5 14:05
191,2016/1/5 14:10
192,2016/1/5 14:15
193,2016/1/5 14:20
194,2016/1/5 14:25
195,2016/1/5 14:30
196,2016/1/5 14:35
197,2016/1/5 14:40
198,2016/1/5 14:45
199,2016/1/5 14:50
200,2016/1/5 14:55
201,2016/1/5 15:00
202,2016/1/5 15:05
203,2016/1/5 15:10
204,2016/1/5 15:15
205,2016/1/5 15:20
206,2016/1/5 15:25
207,2016/1/5 15:30
208,2016/1/5 15:35
209,2016/1/5 15:40
210,2016/1/5 15:45
211,2016/1/5 15:50
212,2016/1/5 15:55
213,2016/1/5 16:00
214,2016/1/5 16:05
215,2016/1/5 16:10
216,2016/1/5 16:15
217,2016/1/5 16:20
218,2016/1/5 16:25
219,2016/1/5 16:30
220,2016/1/5 16:35
221,2016/1/5 16:40
222,2016/1/5 16:45
223,2016/1/5 16:50
224,2016/1/5 16:55
225,2016/1/5 17:00
226,2016/1/5 17:05
227,2016/1/5 17:10
228,2016/1/5 17:15
229,2016/1/5 17:20
230,2016/1/5 17:25
231,2016/1/5 17:30
232,2016/1/5 17:35
233,2016/1/5 17:40
234,2016/1/5 17:45
235,2016/1/5 17:50
236,2016/1/5 17:55
237,2016/1/5 18:00
238,2016/1/5 18:05
239,2016/1/5 18:10
240,2016/1/5 18:15
241,2016/1/5 18:20
242,2016/1/5 18:25
243,2016/1/5 18:30
244,2016/1/5 18:35
245,2016/1/5 18:40
246,2016/1/5 18:45
247,2016/1/5 18:50
248,2016/1/5 18:55
249,2016/1/5 19:00
250,2016/1/5 19:05
251,2016/1/5 19:10
252,2016/1/5 19:15
253,2016/1/5 19:20
254,2016/1/5 19:25
255,2016/1/5 19:30
256,2016/1/5 19:35
257,2016/1/5 19:40
258,2016/1/5 19:45
259,2016/1/5 19:50
260,2016/1/5 19:55
261,2016/1/5 20:00
262,2016/1/5 20:05
263,2016/1/5 20:10
264,2016/1/5 20:15
265,2016/1/5 20:20
266,2016/1/5 20:25
267,2016/1/5 20:30
268,2016/1/5 20:35
269,2016/1/5 20:40
270,2016/1/5 20:45
271,2016/1/5 20:50
272,2016/1/5 20:55
273,2016/1/5 21:00
274,2016/1/5 21:05
275,2016/1/5 21:10
276,2016/1/5 21:15
277,2016/1/5 21:20
278,2016/1/5 21:25
279,2016/1/5 21:30
280,2016/1/5 21:35
281,2016/1/5 21:40
282,2016/1/5 21:45
283,2016/1/5 21:50
284,2016/1/5 21:55
285,2016/1/5 22:00
286,2016/1/5 22:05
287,2016/1/5 22:10
288,2016/1/5 22:15
289,2016/1/5 22:20
290,2016/1/5 22:25
291,2016/1/5 22:30
292,2016/1/5 22:35
293,2016/1/5 22:40
294,2016/1/5 22:45
295,2016/1/5 22:50
296,2016/1/5 22:55
297,2016/1/5 23:00
298,2016/1/5 23:05
299,2016/1/5 23:10
300,2016/1/5 23:15
301,2016/1/5 23:20
302,2016/1/5 23:25
303,2016/1/5 23:30
304,2016/1/5 23:35
305,2016/1/5 23:40
306,2016/1/5 23:45
307,2016/1/5 23:50
308,2016/1/5 23:55
309,2016/1/6 0:00
310,2016/1/6 0:05
311,2016/1/6 0:10
312,2016/1/6 0:15
313,2016/1/6 0:20
314,2016/1/6 0:25
315,2016/1/6 0:30
316,2016/1/6 0:35
317,2016/1/6 0:40
318,2016/1/6 0:45
319,2016/1/6 0:50
320,2016/1/6 0:55
321,2016/1/6 1:00
322,2016/1/6 1:05
323,2016/1/6 1:10
324,2016/1/6 1:15
325,2016/1/6 1:20
326,2016/1/6 1:25
327,2016/1/6 1:30
328,2016/1/6 1:35
329,2016/1/6 1:40
330,2016/1/6 1:45
331,2016/1/6 1:50
332,2016/1/6 1:55
333,2016/1/6 2:00
334,2016/1/6 2:05
335,2016/1/6 2:10
336,2016/1/6 2:15
337,2016/1/6 2:20
338,2016/1/6 2:25
339,2016/1/6 2:30
340,2016/1/6 2:35
341,2016/1/6 2:40
342,2016/1/6 2:45
343,2016/1/6 2:50
344,2016/1/6 2:55
345,2016/1/6 3:00
346,2016/1/6 3:05
347,2016/1/6 3:10
348,2016/1/6 3:15
349,2016/1/6 3:20
350,2016/1/6 3:25
351,2016/1/6 3:30
352,2016/1/6 3:35
353,2016/1/6 3:40
354,2016/1/6 3:45
355,2016/1/6 3:50
356,2016/1/6 3:55
357,2016/1/6 4:00
358,2016/1/6 4:05
359,2016/1/6 4:10
360,2016/1/6 4:15
361,2016/1/6 4:20
362,2016/1/6 4:25
363,2016/1/6 4:30
364,2016/1/6 4:35
365,2016/1/6 4:40
366,2016/1/6 4:45
367,2016/1/6 4:50
368,2016/1/6 4:55
369,2016/1/6 5:00
370,2016/1/6 5:05
371,2016/1/6 5:10
372,2016/1/6 5:15
373,2016/1/6 5:20
374,2016/1/6 5:25
375,2016/1/6 5:30
376,2016/1/6 5:35
377,2016/1/6 5:40
378,2016/1/6 5:45
379,2016/1/6 5:50
380,2016/1/6 5:55
381,2016/1/6 6:00
382,2016/1/6 6:05
383,2016/1/6 6:10
384,2016/1/6 6:15
385,2016/1/6 6:20
386,2016/1/6 6:25
387,2016/1/6 6:30
388,2016/1/6 6:35
389,2016/1/6 6:40
390,2016/1/6 6:45
391,2016/1/6 6:50
392,2016/1/6 6:55
393,2016/1/6 7:00
394,2016/1/6 7:05
395,2016/1/6 7:10
396,2016/1/6 7:15
397,2016/1/6 7:20
398,2016/1/6 7:25
399,2016/1/6 7:30
400,2016/1/6 7:35
401,2016/1/6 7:40
402,2016/1/6 7:45
403,2016/1/6 7:50
404,2016/1/6 7:55
405,2016/1/6 8:00
406,2016/1/6 8:05
407,2016/1/6 8:10
408,2016/1/6 8:15
409,2016/1/6 8:20
410,2016/1/6 8:25
411,2016/1/6 8:30
412,2016/1/6 8:35
413,2016/1/6 8:40
414,2016/1/6 8:45
415,2016/1/6 8:50
416,2016/1/6 8:55
417,2016/1/6 9:00
418,2016/1/6 9:05
419,2016/1/6 9:10
420,2016/1/6 9:15
421,2016/1/6 9:20
422,2016/1/6 9:25
423,2016/1/6 9:30
424,2016/1/6 9:35
425,2016/1/6 9:40
426,2016/1/6 9:45
427,2016/1/6 9:50
428,2016/1/6 9:55
429,2016/1/6 10:00
430,2016/1/6 10:05
431,2016/1/6 10:10
432,2016/1/6 10:15
433,2016/1/6 10:20
434,2016/1/6 10:25
435,2016/1/6 10:30
436,2016/1/6 10:35
437,2016/1/6 10:40
438,2016/1/6 10:45
439,2016/1/6 10:50
440,2016/1/6 10:55
441,2016/1/6 11:00
442,2016/1/6 11:05
443,2016/1/6 11:10
444,2016/1/6 11:15
445,2016/1/6 11:20
446,2016/1/6 11:25
447,2016/1/6 11:30
448,2016/1/6 11:35
449,2016/1/6 11:40
450,2016/1/6 11:45
451,2016/1/6 11:50
452,2016/1/6 11:55
453,2016/1/6 12:00
454,2016/1/6 12:05
455,2016/1/6 12:10
456,2016/1/6 12:15
457,2016/1/6 12:20
458,2016/1/6 12:25
459,2016/1/6 12:30
460,2016/1/6 12:35
461,2016/1/6 12:40
462,2016/1/6 12:45
463,2016/1/6 12:50
464,2016/1/6 12:55
465,2016/1/6 13:00
466,2016/1/6 13:05
467,2016/1/6 13:10
468,2016/1/6 13:15
469,2016/1/6 13:20
470,2016/1/6 13:25
471,2016/1/6 13:30
472,2016/1/6 13:35
473,2016/1/6 13:40
474,2016/1/6 13:45
475,2016/1/6 13:50
476,2016/1/6 13:55
477,2016/1/6 14:00
478,2016/1/6 14:05
479,2016/1/6 14:10
480,2016/1/6 14:15
481,2016/1/6 14:20
482,2016/1/6 14:25
483,2016/1/6 14:30
484,2016/1/6 14:35
485,2016/1/6 14:40
486,2016/1/6 14:45
487,2016/1/6 14:50
488,2016/1/6 14:55
489,2016/1/6 15:00
490,2016/1/6 15:05
491,2016/1/6 15:10
492,2016/1/6 15:15
493,2016/1/6 15:20
494,2016/1/6 15:25
495,2016/1/6 15:30
496,2016/1/6 15:35
497,2016/1/6 15:40
498,2016/1/6 15:45
499,2016/1/6 15:50
500,2016/1/6 15:55
501,2016/1/6 16:00
502,2016/1/6 16:05
503,2016/1/6 16:10
504,2016/1/6 16:15
505,2016/1/6 16:20
506,2016/1/6 16:25
507,2016/1/6 16:30
508,2016/1/6 16:35
509,2016/1/6 16:40
510,2016/1/6 16:45
511,2016/1/6 16:50
512,2016/1/6 16:55
513,2016/1/6 17:00
514,2016/1/6 17:05
515,2016/1/6 17:10
516,2016/1/6 17:15
517,2016/1/6 17:20
518,2016/1/6 17:25
519,2016/1/6 17:30
520,2016/1/6 17:35
521,2016/1/6 17:40
522,2016/1/6 17:45
523,2016/1/6 17:50
524,2016/1/6 17:55
525,2016/1/6 18:00
526,2016/1/6 18:05
527,2016/1/6 18:10
528,2016/1/6 18:15
529,2016/1/6 18:20
530,2016/1/6 18:25
531,2016/1/6 18:30
532,2016/1/6 18:35
533,2016/1/6 18:40
534,2016/1/6 18:45
535,2016/1/6 18:50
536,2016/1/6 18:55
537,2016/1/6 19:00
538,2016/1/6 19:05
539,2016/1/6 19:10
540,2016/1/6 19:15
541,2016/1/6 19:20
542,2016/1/6 19:25
543,2016/1/6 19:30
544,2016/1/6 19:35
545,2016/1/6 19:40
546,2016/1/6 19:45
547,2016/1/6 19:50
548,2016/1/6 19:55
549,2016/1/6 20:00
550,2016/1/6 20:05
551,2016/1/6 20:10
552,2016/1/6 20:15
553,2016/1/6 20:20
554,2016/1/6 20:25
555,2016/1/6 20:30
556,2016/1/6 20:35
557,2016/1/6 20:40
558,2016/1/6 20:45
559,2016/1/6 20:50
560,2016/1/6 20:55
561,2016/1/6 21:00
562,2016/1/6 21:05
563,2016/1/6 21:10
564,2016/1/6 21:15
565,2016/1/6 21:20
566,2016/1/6 21:25
567,2016/1/6 21:30
568,2016/1/6 21:35
569,2016/1/6 21:40
570,2016/1/6 21:45
571,2016/1/6 21:50
572,2016/1/6 21:55
573,2016/1/6 22:00
574,2016/1/6 22:05
575,2016/1/6 22:10
576,2016/1/6 22:15
577,2016/1/6 22:20
578,2016/1/6 22:25
579,2016/1/6 22:30
580,2016/1/6 22:35
581,2016/1/6 22:40
582,2016/1/6 22:45
583,2016/1/6 22:50
584,2016/1/6 22:55
585,2016/1/6 23:00
586,2016/1/6 23:05
587,2016/1/6 23:10
588,2016/1/6 23:15
589,2016/1/6 23:20
590,2016/1/6 23:25
591,2016/1/6 23:30
592,2016/1/6 23:35
593,2016/1/6 23:40
594,2016/1/6 23:45
595,2016/1/6 23:50
596,2016/1/6 23:55
597,2016/1/7 0:00
598,2016/1/7 0:05
599,2016/1/7 0:10
600,2016/1/7 0:15
601,2016/1/7 0:20
602,2016/1/7 0:25
603,2016/1/7 0:30
604,2016/1/7 0:35
605,2016/1/7 0:40
606,2016/1/7 0:45
607,2016/1/7 0:50
608,2016/1/7 0:55
609,2016/1/7 1:00
610,2016/1/7 1:05
611,2016/1/7 1:10
612,2016/1/7 1:15
613,2016/1/7 1:20
614,2016/1/7 1:25
615,2016/1/7 1:30
616,2016/1/7 1:35
617,2016/1/7 1:40
618,2016/1/7 1:45
619,2016/1/7 1:50
620,2016/1/7 1:55
621,2016/1/7 2:00
622,2016/1/7 2:05
623,2016/1/7 2:10
624,2016/1/7 2:15
625,2016/1/7 2:20
626,2016/1/7 2:25
627,2016/1/7 2:30
628,2016/1/7 2:35
629,2016/1/7 2:40
630,2016/1/7 2:45
631,2016/1/7 2:50
632,2016/1/7 2:55
633,2016/1/7 3:00
634,2016/1/7 3:05
635,2016/1/7 3:10
636,2016/1/7 3:15
637,2016/1/7 3:20
638,2016/1/7 3:25
639,2016/1/7 3:30
640,2016/1/7 3:35
641,2016/1/7 3:40
642,2016/1/7 3:45
643,2016/1/7 3:50
644,2016/1/7 3:55
645,2016/1/7 4:00
646,2016/1/7 4:05
647,2016/1/7 4:10
648,2016/1/7 4:15
649,2016/1/7 4:20
650,2016/1/7 4:25
651,2016/1/7 4:30
652,2016/1/7 4:35
653,2016/1/7 4:40
654,2016/1/7 4:45
655,2016/1/7 4:50
656,2016/1/7 4:55
657,2016/1/7 5:00
658,2016/1/7 5:05
659,2016/1/7 5:10
660,2016/1/7 5:15
661,2016/1/7 5:20
662,2016/1/7 5:25
663,2016/1/7 5:30
664,2016/1/7 5:35
665,2016/1/7 5:40
666,2016/1/7 5:45
667,2016/1/7 5:50
668,2016/1/7 5:55
669,2016/1/7 6:00
670,2016/1/7 6:05
671,2016/1/7 6:10
672,2016/1/7 6:15
673,2016/1/7 6:20
674,2016/1/7 6:25
675,2016/1/7 6:30
676,2016/1/7 6:35
677,2016/1/7 6:40
678,2016/1/7 6:45
679,2016/1/7 6:50
680,2016/1/7 6:55
681,2016/1/7 7:00
682,2016/1/7 7:05
683,2016/1/7 7:10
684,2016/1/7 7:15
685,2016/1/7 7:20
686,2016/1/7 7:25
687,2016/1/7 7:30
688,2016/1/7 7:35
689,2016/1/7 7:40
690,2016/1/7 7:45
691,2016/1/7 7:50
692,2016/1/7 7:55
693,2016/1/7 8:00
694,2016/1/7 8:05
695,2016/1/7 8:10
696,2016/1/7 8:15
697,2016/1/7 8:20
698,2016/1/7 8:25
699,2016/1/7 8:30
700,2016/1/7 8:35
701,2016/1/7 8:40
702,2016/1/7 8:45
703,2016/1/7 8:50
704,2016/1/7 8:55
705,2016/1/7 9:00
706,2016/1/7 9:05
707,2016/1/7 9:10
708,2016/1/7 9:15
709,2016/1/7 9:20
710,2016/1/7 9:25
711,2016/1/7 9:30
712,2016/1/7 9:35
713,2016/1/7 9:40
714,2016/1/7 9:45
715,2016/1/7 9:50
716,2016/1/7 9:55
717,2016/1/7 10:00
718,2016/1/7 10:05
719,2016/1/7 10:10
720,2016/1/7 10:15
721,2016/1/7 10:20
722,2016/1/7 10:25
723,2016/1/7 10:30
724,2016/1/7 10:35
725,2016/1/7 10:40
726,2016/1/7 10:45
727,2016/1/7 10:50
728,2016/1/7 10:55
729,2016/1/7 11:00
730,2016/1/7 11:05
731,2016/1/7 11:10
732,2016/1/7 11:15
733,2016/1/7 11:20
734,2016/1/7 11:25
735,2016/1/7 11:30
736,2016/1/7 11:35
737,2016/1/7 11:40
738,2016/1/7 11:45
739,2016/1/7 11:50
740,2016/1/7 11:55
741,2016/1/7 12:00
742,2016/1/7 12:05
743,2016/1/7 12:10
744,2016/1/7 12:15
745,2016/1/7 12:20
746,2016/1/7 12:25
747,2016/1/7 12:30
748,2016/1/7 12:35
749,2016/1/7 12:40
750,2016/1/7 12:45
751,2016/1/7 12:50
752,2016/1/7 12:55
753,2016/1/7 13:00
754,2016/1/7 13:05
755,2016/1/7 13:10
756,2016/1/7 13:15
757,2016/1/7 13:20
758,2016/1/7 13:25
759,2016/1/7 13:30
760,2016/1/7 13:35
761,2016/1/7 13:40
762,2016/1/7 13:45
763,2016/1/7 13:50
764,2016/1/7 13:55
765,2016/1/7 14:00
766,2016/1/7 14:05
767,2016/1/7 14:10
768,2016/1/7 14:15
769,2016/1/7 14:20
770,2016/1/7 14:25
771,2016/1/7 14:30
772,2016/1/7 14:35
773,2016/1/7 14:40
774,2016/1/7 14:45
775,2016/1/7 14:50
776,2016/1/7 14:55
777,2016/1/7 15:00
778,2016/1/7 15:05
779,2016/1/7 15:10
780,2016/1/7 15:15
781,2016/1/7 15:20
782,2016/1/7 15:25
783,2016/1/7 15:30
784,2016/1/7 15:35
785,2016/1/7 15:40
786,2016/1/7 15:45
787,2016/1/7 15:50
788,2016/1/7 15:55
789,2016/1/7 16:00
790,2016/1/7 16:05
791,2016/1/7 16:10
792,2016/1/7 16:15
793,2016/1/7 16:20
794,2016/1/7 16:25
795,2016/1/7 16:30
796,2016/1/7 16:35
797,2016/1/7 16:40
798,2016/1/7 16:45
799,2016/1/7 16:50
800,2016/1/7 16:55
801,2016/1/7 17:00
802,2016/1/7 17:05
803,2016/1/7 17:10
804,2016/1/7 17:15
805,2016/1/7 17:20
806,2016/1/7 17:25
807,2016/1/7 17:30
808,2016/1/7 17:35
809,2016/1/7 17:40
810,2016/1/7 17:45
811,2016/1/7 17:50
812,2016/1/7 17:55
813,2016/1/7 18:00
814,2016/1/7 18:05
815,2016/1/7 18:10
816,2016/1/7 18:15
817,2016/1/7 18:20
818,2016/1/7 18:25
819,2016/1/7 18:30
820,2016/1/7 18:35
821,2016/1/7 18:40
822,2016/1/7 18:45
823,2016/1/7 18:50
824,2016/1/7 18:55
825,2016/1/7 19:00
826,2016/1/7 19:05
827,2016/1/7 19:10
828,2016/1/7 19:15
829,2016/1/7 19:20
830,2016/1/7 19:25
831,2016/1/7 19:30
832,2016/1/7 19:35
833,2016/1/7 19:40
834,2016/1/7 19:45
835,2016/1/7 19:50
836,2016/1/7 19:55
837,2016/1/7 20:00
838,2016/1/7 20:05
839,2016/1/7 20:10
840,2016/1/7 20:15
841,2016/1/7 20:20
842,2016/1/7 20:25
843,2016/1/7 20:30
844,2016/1/7 20:35
845,2016/1/7 20:40
846,2016/1/7 20:45
847,2016/1/7 20:50
848,2016/1/7 20:55
849,2016/1/7 21:00
850,2016/1/7 21:05
851,2016/1/7 21:10
852,2016/1/7 21:15
853,2016/1/7 21:20
854,2016/1/7 21:25
855,2016/1/7 21:30
856,2016/1/7 21:35
857,2016/1/7 21:40
858,2016/1/7 21:45
859,2016/1/7 21:50
860,2016/1/7 21:55
861,2016/1/7 22:00
862,2016/1/7 22:05
863,2016/1/7 22:10
864,2016/1/7 22:15
865,2016/1/7 22:20
866,2016/1/7 22:25
867,2016/1/7 22:30
868,2016/1/7 22:35
869,2016/1/7 22:40
870,2016/1/7 22:45
871,2016/1/7 22:50
872,2016/1/7 22:55
873,2016/1/7 23:00
874,2016/1/7 23:05
875,2016/1/7 23:10
876,2016/1/7 23:15
877,2016/1/7 23:20
878,2016/1/7 23:25
879,2016/1/7 23:30
880,2016/1/7 23:35
881,2016/1/7 23:40
882,2016/1/7 23:45
883,2016/1/7 23:50
884,2016/1/7 23:55
885,2016/1/8 0:00
886,2016/1/8 0:05
887,2016/1/8 0:10
888,2016/1/8 0:15
889,2016/1/8 0:20
890,2016/1/8 0:25
891,2016/1/8 0:30
892,2016/1/8 0:35
893,2016/1/8 0:40
894,2016/1/8 0:45
895,2016/1/8 0:50
896,2016/1/8 0:55
897,2016/1/8 1:00
898,2016/1/8 1:05
899,2016/1/8 1:10
900,2016/1/8 1:15
901,2016/1/8 1:20
902,2016/1/8 1:25
903,2016/1/8 1:30
904,2016/1/8 1:35
905,2016/1/8 1:40
906,2016/1/8 1:45
907,2016/1/8 1:50
908,2016/1/8 1:55
909,2016/1/8 2:00
910,2016/1/8 2:05
911,2016/1/8 2:10
912,2016/1/8 2:15
913,2016/1/8 2:20
914,2016/1/8 2:25
915,2016/1/8 2:30
916,2016/1/8 2:35
917,2016/1/8 2:40
918,2016/1/8 2:45
919,2016/1/8 2:50
920,2016/1/8 2:55
921,2016/1/8 3:00
922,2016/1/8 3:05
923,2016/1/8 3:10
924,2016/1/8 3:15
925,2016/1/8 3:20
926,2016/1/8 3:25
927,2016/1/8 3:30
928,2016/1/8 3:35
929,2016/1/8 3:40
930,2016/1/8 3:45
931,2016/1/8 3:50
932,2016/1/8 3:55
933,2016/1/8 4:00
934,2016/1/8 4:05
935,2016/1/8 4:10
936,2016/1/8 4:15
937,2016/1/8 4:20
938,2016/1/8 4:25
939,2016/1/8 4:30
940,2016/1/8 4:35
941,2016/1/8 4:40
942,2016/1/8 4:45
943,2016/1/8 4:50
944,2016/1/8 4:55
945,2016/1/8 5:00
946,2016/1/8 5:05
947,2016/1/8 5:10
948,2016/1/8 5:15
949,2016/1/8 5:20
950,2016/1/8 5:25
951,2016/1/8 5:30
952,2016/1/8 5:35
953,2016/1/8 5:40
954,2016/1/8 5:45
955,2016/1/8 5:50
956,2016/1/8 5:55
957,2016/1/8 6:00
958,2016/1/8 6:05
959,2016/1/8 6:10
960,2016/1/8 6:15
961,2016/1/8 6:20
962,2016/1/8 6:25
963,2016/1/8 6:30
964,2016/1/8 6:35
965,2016/1/8 6:40
966,2016/1/8 6:45
967,2016/1/8 6:50
968,2016/1/8 6:55
969,2016/1/8 7:00
970,2016/1/8 7:05
971,2016/1/8 7:10
972,2016/1/8 7:15
973,2016/1/8 7:20
974,2016/1/8 7:25
975,2016/1/8 7:30
976,2016/1/8 7:35
977,2016/1/8 7:40
978,2016/1/8 7:45
979,2016/1/8 7:50
980,2016/1/8 7:55
981,2016/1/8 8:00
982,2016/1/8 8:05
983,2016/1/8 8:10
984,2016/1/8 8:15
985,2016/1/8 8:20
986,2016/1/8 8:25
987,2016/1/8 8:30
988,2016/1/8 8:35
989,2016/1/8 8:40
990,2016/1/8 8:45
991,2016/1/8 8:50
992,2016/1/8 8:55
993,2016/1/8 9:00
994,2016/1/8 9:05
995,2016/1/8 9:10
996,2016/1/8 9:15
997,2016/1/8 9:20
998,2016/1/8 9:25
999,2016/1/8 9:30
1000,2016/1/8 9:35
1001,2016/1/8 9:40
1002,2016/1/8 9:45
1003,2016/1/8 9:50
1004,2016/1/8 9:55
1005,2016/1/8 10:00
1006,2016/1/8 10:05
1007,2016/1/8 10:10
1008,2016/1/8 10:15
1009,2016/1/8 10:20
1010,2016/1/8 10:25
1011,2016/1/8 10:30
1012,2016/1/8 10:35
1013,2016/1/8 10:40
1014,2016/1/8 10:45
1015,2016/1/8 10:50
1016,2016/1/8 10:55
1017,2016/1/8 11:00
1018,2016/1/8 11:05
1019,2016/1/8 11:10
1020,2016/1/8 11:15
1021,2016/1/8 11:20
1022,2016/1/8 11:25
1023,2016/1/8 11:30
1024,2016/1/8 11:35
1025,2016/1/8 11:40
1026,2016/1/8 11:45
1027,2016/1/8 11:50
1028,2016/1/8 11:55
1029,2016/1/8 12:00
1030,2016/1/8 12:05
1031,2016/1/8 12:10
1032,2016/1/8 12:15
1033,2016/1/8 12:20
1034,2016/1/8 12:25
1035,2016/1/8 12:30
1036,2016/1/8 12:35
1037,2016/1/8 12:40
1038,2016/1/8 12:45
1039,2016/1/8 12:50
1040,2016/1/8 12:55
1041,2016/1/8 13:00
1042,2016/1/8 13:05
1043,2016/1/8 13:10
1044,2016/1/8 13:15
1045,2016/1/8 13:20
1046,2016/1/8 13:25
1047,2016/1/8 13:30
1048,2016/1/8 13:35
1049,2016/1/8 13:40
1050,2016/1/8 13:45
1051,2016/1/8 13:50
1052,2016/1/8 13:55
1053,2016/1/8 14:00
1054,2016/1/8 14:05
1055,2016/1/8 14:10
1056,2016/1/8 14:15
1057,2016/1/8 14:20
1058,2016/1/8 14:25
1059,2016/1/8 14:30
1060,2016/1/8 14:35
1061,2016/1/8 14:40
1062,2016/1/8 14:45
1063,2016/1/8 14:50
1064,2016/1/8 14:55
1065,2016/1/8 15:00
1066,2016/1/8 15:05
1067,2016/1/8 15:10
1068,2016/1/8 15:15
1069,2016/1/8 15:20
1070,2016/1/8 15:25
1071,2016/1/8 15:30
1072,2016/1/8 15:35
1073,2016/1/8 15:40
1074,2016/1/8 15:45
1075,2016/1/8 15:50
1076,2016/1/8 15:55
1077,2016/1/8 16:00
1078,2016/1/8 16:05
1079,2016/1/8 16:10
1080,2016/1/8 16:15
1081,2016/1/8 16:20
1082,2016/1/8 16:25
1083,2016/1/8 16:30
1084,2016/1/8 16:35
1085,2016/1/8 16:40
1086,2016/1/8 16:45
1087,2016/1/8 16:50
1088,2016/1/8 16:55
1089,2016/1/8 17:00
1090,2016/1/8 17:05
1091,2016/1/8 17:10
1092,2016/1/8 17:15
1093,2016/1/8 17:20
1094,2016/1/8 17:25
1095,2016/1/8 17:30
1096,2016/1/8 17:35
1097,2016/1/8 17:40
1098,2016/1/8 17:45
1099,2016/1/8 17:50
1100,2016/1/8 17:55
1101,2016/1/8 18:00
1102,2016/1/8 18:05
1103,2016/1/8 18:10
1104,2016/1/8 18:15
1105,2016/1/8 18:20
1106,2016/1/8 18:25
1107,2016/1/8 18:30
1108,2016/1/8 18:35
1109,2016/1/8 18:40
1110,2016/1/8 18:45
1111,2016/1/8 18:50
1112,2016/1/8 18:55
1113,2016/1/8 19:00
1114,2016/1/8 19:05
1115,2016/1/8 19:10
1116,2016/1/8 19:15
1117,2016/1/8 19:20
1118,2016/1/8 19:25
1119,2016/1/8 19:30
1120,2016/1/8 19:35
1121,2016/1/8 19:40
1122,2016/1/8 19:45
1123,2016/1/8 19:50
1124,2016/1/8 19:55
1125,2016/1/8 20:00
1126,2016/1/8 20:05
1127,2016/1/8 20:10
1128,2016/1/8 20:15
1129,2016/1/8 20:20
1130,2016/1/8 20:25
1131,2016/1/8 20:30
1132,2016/1/8 20:35
1133,2016/1/8 20:40
1134,2016/1/8 20:45
1135,2016/1/8 20:50
1136,2016/1/8 20:55
1137,2016/1/8 21:00
1138,2016/1/8 21:05
1139,2016/1/8 21:10
1140,2016/1/8 21:15
1141,2016/1/8 21:20
1142,2016/1/8 21:25
1143,2016/1/8 21:30
1144,2016/1/8 21:35
1145,2016/1/8 21:40
1146,2016/1/8 21:45
1147,2016/1/8 21:50
1148,2016/1/8 21:55
1149,2016/1/8 22:00
1150,2016/1/8 22:05
1151,2016/1/8 22:10
1152,2016/1/8 22:15
1153,2016/1/8 22:20
1154,2016/1/8 22:25
1155,2016/1/8 22:30
1156,2016/1/8 22:35
1157,2016/1/8 22:40
1158,2016/1/8 22:45
1159,2016/1/8 22:50
1160,2016/1/8 22:55
1161,2016/1/8 23:00
1162,2016/1/8 23:05
1163,2016/1/8 23:10
1164,2016/1/8 23:15
1165,2016/1/8 23:20
1166,2016/1/8 23:25
1167,2016/1/8 23:30
1168,2016/1/8 23:35
1169,2016/1/8 23:40
1170,2016/1/8 23:45
1171,2016/1/8 23:50
1172,2016/1/8 23:55
1173,2016/1/9 0:00
1174,2016/1/9 0:05
1175,2016/1/9 0:10
1176,2016/1/9 0:15
1177,2016/1/9 0:20
1178,2016/1/9 0:25
1179,2016/1/9 0:30
1180,2016/1/9 0:35
1181,2016/1/9 0:40
1182,2016/1/9 0:45
1183,2016/1/9 0:50
1184,2016/1/9 0:55
1185,2016/1/9 1:00
1186,2016/1/9 1:05
1187,2016/1/9 1:10
1188,2016/1/9 1:15
1189,2016/1/9 1:20
1190,2016/1/9 1:25
1191,2016/1/9 1:30
1192,2016/1/9 1:35
1193,2016/1/9 1:40
1194,2016/1/9 1:45
1195,2016/1/9 1:50
1196,2016/1/9 1:55
1197,2016/1/9 2:00
1198,2016/1/9 2:05
1199,2016/1/9 2:10
1200,2016/1/9 2:15
1201,2016/1/9 2:20
1202,2016/1/9 2:25
1203,2016/1/9 2:30
1204,2016/1/9 2:35
1205,2016/1/9 2:40
1206,2016/1/9 2:45
1207,2016/1/9 2:50
1208,2016/1/9 2:55
1209,2016/1/9 3:00
1210,2016/1/9 3:05
1211,2016/1/9 3:10
1212,2016/1/9 3:15
1213,2016/1/9 3:20
1214,2016/1/9 3:25
1215,2016/1/9 3:30
1216,2016/1/9 3:35
1217,2016/1/9 3:40
1218,2016/1/9 3:45
1219,2016/1/9 3:50
1220,2016/1/9 3:55
1221,2016/1/9 4:00
1222,2016/1/9 4:05
1223,2016/1/9 4:10
1224,2016/1/9 4:15
1225,2016/1/9 4:20
1226,2016/1/9 4:25
1227,2016/1/9 4:30
1228,2016/1/9 4:35
1229,2016/1/9 4:40
1230,2016/1/9 4:45
1231,2016/1/9 4:50
1232,2016/1/9 4:55
1233,2016/1/9 5:00
1234,2016/1/9 5:05
1235,2016/1/9 5:10
1236,2016/1/9 5:15
1237,2016/1/9 5:20
1238,2016/1/9 5:25
1239,2016/1/9 5:30
1240,2016/1/9 5:35
1241,2016/1/9 5:40
1242,2016/1/9 5:45
1243,2016/1/9 5:50
1244,2016/1/9 5:55
1245,2016/1/9 6:00
1246,2016/1/9 6:05
1247,2016/1/9 6:10
1248,2016/1/9 6:15
1249,2016/1/9 6:20
1250,2016/1/9 6:25
1251,2016/1/9 6:30
1252,2016/1/9 6:35
1253,2016/1/9 6:40
1254,2016/1/9 6:45
1255,2016/1/9 6:50
1256,2016/1/9 6:55
1257,2016/1/9 7:00
1258,2016/1/9 7:05
1259,2016/1/9 7:10
1260,2016/1/9 7:15
1261,2016/1/9 7:20
1262,2016/1/9 7:25
1263,2016/1/9 7:30
1264,2016/1/9 7:35
1265,2016/1/9 7:40
1266,2016/1/9 7:45
1267,2016/1/9 7:50
1268,2016/1/9 7:55
1269,2016/1/9 8:00
1270,2016/1/9 8:05
1271,2016/1/9 8:10
1272,2016/1/9 8:15
1273,2016/1/9 8:20
1274,2016/1/9 8:25
1275,2016/1/9 8:30
1276,2016/1/9 8:35
1277,2016/1/9 8:40
1278,2016/1/9 8:45
1279,2016/1/9 8:50
1280,2016/1/9 8:55
1281,2016/1/9 9:00
1282,2016/1/9 9:05
1283,2016/1/9 9:10
1284,2016/1/9 9:15
1285,2016/1/9 9:20
1286,2016/1/9 9:25
1287,2016/1/9 9:30
1288,2016/1/9 9:35
1289,2016/1/9 9:40
1290,2016/1/9 9:45
1291,2016/1/9 9:50
1292,2016/1/9 9:55
1293,2016/1/9 10:00
1294,2016/1/9 10:05
1295,2016/1/9 10:10
1296,2016/1/9 10:15
1297,2016/1/9 10:20
1298,2016/1/9 10:25
1299,2016/1/9 10:30
1300,2016/1/9 10:35
1301,2016/1/9 10:40
1302,2016/1/9 10:45
1303,2016/1/9 10:50
1304,2016/1/9 10:55
1305,2016/1/9 11:00
1306,2016/1/9 11:05
1307,2016/1/9 11:10
1308,2016/1/9 11:15
1309,2016/1/9 11:20
1310,2016/1/9 11:25
1311,2016/1/9 11:30
1312,2016/1/9 11:35
1313,2016/1/9 11:40
1314,2016/1/9 11:45
1315,2016/1/9 11:50
1316,2016/1/9 11:55
1317,2016/1/9 12:00
1318,2016/1/9 12:05
1319,2016/1/9 12:10
1320,2016/1/9 12:15
1321,2016/1/9 12:20
1322,2016/1/9 12:25
1323,2016/1/9 12:30
1324,2016/1/9 12:35
1325,2016/1/9 12:40
1326,2016/1/9 12:45
1327,2016/1/9 12:50
1328,2016/1/9 12:55
1329,2016/1/9 13:00
1330,2016/1/9 13:05
1331,2016/1/9 13:10
1332,2016/1/9 13:15
1333,2016/1/9 13:20
1334,2016/1/9 13:25
1335,2016/1/9 13:30
1336,2016/1/9 13:35
1337,2016/1/9 13:40
1338,2016/1/9 13:45
1339,2016/1/9 13:50
1340,2016/1/9 13:55
1341,2016/1/9 14:00
1342,2016/1/9 14:05
1343,2016/1/9 14:10
1344,2016/1/9 14:15
1345,2016/1/9 14:20
1346,2016/1/9 14:25
1347,2016/1/9 14:30
1348,2016/1/9 14:35
1349,2016/1/9 14:40
1350,2016/1/9 14:45
1351,2016/1/9 14:50
1352,2016/1/9 14:55
1353,2016/1/9 15:00
1354,2016/1/9 15:05
1355,2016/1/9 15:10
1356,2016/1/9 15:15
1357,2016/1/9 15:20
1358,2016/1/9 15:25
1359,2016/1/9 15:30
1360,2016/1/9 15:35
1361,2016/1/9 15:40
1362,2016/1/9 15:45
1363,2016/1/9 15:50
1364,2016/1/9 15:55
1365,2016/1/9 16:00
1366,2016/1/9 16:05
1367,2016/1/9 16:10
1368,2016/1/9 16:15
1369,2016/1/9 16:20
1370,2016/1/9 16:25
1371,2016/1/9 16:30
1372,2016/1/9 16:35
1373,2016/1/9 16:40
1374,2016/1/9 16:45
1375,2016/1/9 16:50
1376,2016/1/9 16:55
1377,2016/1/9 17:00
1378,2016/1/9 17:05
1379,2016/1/9 17:10
1380,2016/1/9 17:15
1381,2016/1/9 17:20
1382,2016/1/9 17:25
1383,2016/1/9 17:30
1384,2016/1/9 17:35
1385,2016/1/9 17:40
1386,2016/1/9 17:45
1387,2016/1/9 17:50
1388,2016/1/9 17:55
1389,2016/1/9 18:00
1390,2016/1/9 18:05
1391,2016/1/9 18:10
1392,2016/1/9 18:15
1393,2016/1/9 18:20
1394,2016/1/9 18:25
1395,2016/1/9 18:30
1396,2016/1/9 18:35
1397,2016/1/9 18:40
1398,2016/1/9 18:45
1399,2016/1/9 18:50
1400,2016/1/9 18:55
1401,2016/1/9 19:00
1402,2016/1/9 19:05
1403,2016/1/9 19:10
1404,2016/1/9 19:15
1405,2016/1/9 19:20
1406,2016/1/9 19:25
1407,2016/1/9 19:30
1408,2016/1/9 19:35
1409,2016/1/9 19:40
1410,2016/1/9 19:45
1411,2016/1/9 19:50
1412,2016/1/9 19:55
1413,2016/1/9 20:00
1414,2016/1/9 20:05
1415,2016/1/9 20:10
1416,2016/1/9 20:15
1417,2016/1/9 20:20
1418,2016/1/9 20:25
1419,2016/1/9 20:30
1420,2016/1/9 20:35
1421,2016/1/9 20:40
1422,2016/1/9 20:45
1423,2016/1/9 20:50
1424,2016/1/9 20:55
1425,2016/1/9 21:00
1426,2016/1/9 21:05
1427,2016/1/9 21:10
1428,2016/1/9 21:15
1429,2016/1/9 21:20
1430,2016/1/9 21:25
1431,2016/1/9 21:30
1432,2016/1/9 21:35
1433,2016/1/9 21:40
1434,2016/1/9 21:45
1435,2016/1/9 21:50
1436,2016/1/9 21:55
1437,2016/1/9 22:00
1438,2016/1/9 22:05
1439,2016/1/9 22:10
1440,2016/1/9 22:15
1441,2016/1/9 22:20
1442,2016/1/9 22:25
1443,2016/1/9 22:30
1444,2016/1/9 22:35
1445,2016/1/9 22:40
1446,2016/1/9 22:45
1447,2016/1/9 22:50
1448,2016/1/9 22:55
1449,2016/1/9 23:00
1450,2016/1/9 23:05
1451,2016/1/9 23:10
1452,2016/1/9 23:15
1453,2016/1/9 23:20
1454,2016/1/9 23:25
1455,2016/1/9 23:30
1456,2016/1/9 23:35
1457,2016/1/9 23:40
1458,2016/1/9 23:45
1459,2016/1/9 23:50
1460,2016/1/9 23:55
1461,2016/1/10 0:00
1462,2016/1/10 0:05
1463,2016/1/10 0:10
1464,2016/1/10 0:15
1465,2016/1/10 0:20
1466,2016/1/10 0:25
1467,2016/1/10 0:30
1468,2016/1/10 0:35
1469,2016/1/10 0:40
1470,2016/1/10 0:45
1471,2016/1/10 0:50
1472,2016/1/10 0:55
1473,2016/1/10 1:00
1474,2016/1/10 1:05
1475,2016/1/10 1:10
1476,2016/1/10 1:15
1477,2016/1/10 1:20
1478,2016/1/10 1:25
1479,2016/1/10 1:30
1480,2016/1/10 1:35
1481,2016/1/10 1:40
1482,2016/1/10 1:45
1483,2016/1/10 1:50
1484,2016/1/10 1:55
1485,2016/1/10 2:00
1486,2016/1/10 2:05
1487,2016/1/10 2:10
1488,2016/1/10 2:15
1489,2016/1/10 2:20
1490,2016/1/10 2:25
1491,2016/1/10 2:30
1492,2016/1/10 2:35
1493,2016/1/10 2:40
1494,2016/1/10 2:45
1495,2016/1/10 2:50
1496,2016/1/10 2:55
1497,2016/1/10 3:00
1498,2016/1/10 3:05
1499,2016/1/10 3:10
1500,2016/1/10 3:15
1501,2016/1/10 3:20
1502,2016/1/10 3:25
1503,2016/1/10 3:30
1504,2016/1/10 3:35
1505,2016/1/10 3:40
1506,2016/1/10 3:45
1507,2016/1/10 3:50
1508,2016/1/10 3:55
1509,2016/1/10 4:00
1510,2016/1/10 4:05
1511,2016/1/10 4:10
1512,2016/1/10 4:15
1513,2016/1/10 4:20
1514,2016/1/10 4:25
1515,2016/1/10 4:30
1516,2016/1/10 4:35
1517,2016/1/10 4:40
1518,2016/1/10 4:45
1519,2016/1/10 4:50
1520,2016/1/10 4:55
1521,2016/1/10 5:00
1522,2016/1/10 5:05
1523,2016/1/10 5:10
1524,2016/1/10 5:15
1525,2016/1/10 5:20
1526,2016/1/10 5:25
1527,2016/1/10 5:30
1528,2016/1/10 5:35
1529,2016/1/10 5:40
1530,2016/1/10 5:45
1531,2016/1/10 5:50
1532,2016/1/10 5:55
1533,2016/1/10 6:00
1534,2016/1/10 6:05
1535,2016/1/10 6:10
1536,2016/1/10 6:15
1537,2016/1/10 6:20
1538,2016/1/10 6:25
1539,2016/1/10 6:30
1540,2016/1/10 6:35
1541,2016/1/10 6:40
1542,2016/1/10 6:45
1543,2016/1/10 6:50
1544,2016/1/10 6:55
1545,2016/1/10 7:00
1546,2016/1/10 7:05
1547,2016/1/10 7:10
1548,2016/1/10 7:15
1549,2016/1/10 7:20
1550,2016/1/10 7:25
1551,2016/1/10 7:30
1552,2016/1/10 7:35
1553,2016/1/10 7:40
1554,2016/1/10 7:45
1555,2016/1/10 7:50
1556,2016/1/10 7:55
1557,2016/1/10 8:00
1558,2016/1/10 8:05
1559,2016/1/10 8:10
1560,2016/1/10 8:15
1561,2016/1/10 8:20
1562,2016/1/10 8:25
1563,2016/1/10 8:30
1564,2016/1/10 8:35
1565,2016/1/10 8:40
1566,2016/1/10 8:45
1567,2016/1/10 8:50
1568,2016/1/10 8:55
1569,2016/1/10 9:00
1570,2016/1/10 9:05
1571,2016/1/10 9:10
1572,2016/1/10 9:15
1573,2016/1/10 9:20
1574,2016/1/10 9:25
1575,2016/1/10 9:30
1576,2016/1/10 9:35
1577,2016/1/10 9:40
1578,2016/1/10 9:45
1579,2016/1/10 9:50
1580,2016/1/10 9:55
1581,2016/1/10 10:00
1582,2016/1/10 10:05
1583,2016/1/10 10:10
1584,2016/1/10 10:15
1585,2016/1/10 10:20
1586,2016/1/10 10:25
1587,2016/1/10 10:30
1588,2016/1/10 10:35
1589,2016/1/10 10:40
1590,2016/1/10 10:45
1591,2016/1/10 10:50
1592,2016/1/10 10:55
1593,2016/1/10 11:00
1594,2016/1/10 11:05
1595,2016/1/10 11:10
1596,2016/1/10 11:15
1597,2016/1/10 11:20
1598,2016/1/10 11:25
1599,2016/1/10 11:30
1600,2016/1/10 11:35
1601,2016/1/10 11:40
1602,2016/1/10 11:45
1603,2016/1/10 11:50
1604,2016/1/10 11:55
1605,2016/1/10 12:00
1606,2016/1/10 12:05
1607,2016/1/10 12:10
1608,2016/1/10 12:15
1609,2016/1/10 12:20
1610,2016/1/10 12:25
1611,2016/1/10 12:30
1612,2016/1/10 12:35
1613,2016/1/10 12:40
1614,2016/1/10 12:45
1615,2016/1/10 12:50
1616,2016/1/10 12:55
1617,2016/1/10 13:00
1618,2016/1/10 13:05
1619,2016/1/10 13:10
1620,2016/1/10 13:15
1621,2016/1/10 13:20
1622,2016/1/10 13:25
1623,2016/1/10 13:30
1624,2016/1/10 13:35
1625,2016/1/10 13:40
1626,2016/1/10 13:45
1627,2016/1/10 13:50
1628,2016/1/10 13:55
1629,2016/1/10 14:00
1630,2016/1/10 14:05
1631,2016/1/10 14:10
1632,2016/1/10 14:15
1633,2016/1/10 14:20
1634,2016/1/10 14:25
1635,2016/1/10 14:30
1636,2016/1/10 14:35
1637,2016/1/10 14:40
1638,2016/1/10 14:45
1639,2016/1/10 14:50
1640,2016/1/10 14:55
1641,2016/1/10 15:00
1642,2016/1/10 15:05
1643,2016/1/10 15:10
1644,2016/1/10 15:15
1645,2016/1/10 15:20
1646,2016/1/10 15:25
1647,2016/1/10 15:30
1648,2016/1/10 15:35
1649,2016/1/10 15:40
1650,2016/1/10 15:45
1651,2016/1/10 15:50
1652,2016/1/10 15:55
1653,2016/1/10 16:00
1654,2016/1/10 16:05
1655,2016/1/10 16:10
1656,2016/1/10 16:15
1657,2016/1/10 16:20
1658,2016/1/10 16:25
1659,2016/1/10 16:30
1660,2016/1/10 16:35
1661,2016/1/10 16:40
1662,2016/1/10 16:45
1663,2016/1/10 16:50
1664,2016/1/10 16:55
1665,2016/1/10 17:00
1666,2016/1/10 17:05
1667,2016/1/10 17:10
1668,2016/1/10 17:15
1669,2016/1/10 17:20
1670,2016/1/10 17:25
1671,2016/1/10 17:30
1672,2016/1/10 17:35
1673,2016/1/10 17:40
1674,2016/1/10 17:45
1675,2016/1/10 17:50
1676,2016/1/10 17:55
1677,2016/1/10 18:00
1678,2016/1/10 18:05
1679,2016/1/10 18:10
1680,2016/1/10 18:15
1681,2016/1/10 18:20
1682,2016/1/10 18:25
1683,2016/1/10 18:30
1684,2016/1/10 18:35
1685,2016/1/10 18:40
1686,2016/1/10 18:45
1687,2016/1/10 18:50
1688,2016/1/10 18:55
1689,2016/1/10 19:00
1690,2016/1/10 19:05
1691,2016/1/10 19:10
1692,2016/1/10 19:15
1693,2016/1/10 19:20
1694,2016/1/10 19:25
1695,2016/1/10 19:30
1696,2016/1/10 19:35
1697,2016/1/10 19:40
1698,2016/1/10 19:45
1699,2016/1/10 19:50
1700,2016/1/10 19:55
1701,2016/1/10 20:00
1702,2016/1/10 20:05
1703,2016/1/10 20:10
1704,2016/1/10 20:15
1705,2016/1/10 20:20
1706,2016/1/10 20:25
1707,2016/1/10 20:30
1708,2016/1/10 20:35
1709,2016/1/10 20:40
1710,2016/1/10 20:45
1711,2016/1/10 20:50
1712,2016/1/10 20:55
1713,2016/1/10 21:00
1714,2016/1/10 21:05
1715,2016/1/10 21:10
1716,2016/1/10 21:15
1717,2016/1/10 21:20
1718,2016/1/10 21:25
1719,2016/1/10 21:30
1720,2016/1/10 21:35
1721,2016/1/10 21:40
1722,2016/1/10 21:45
1723,2016/1/10 21:50
1724,2016/1/10 21:55
1725,2016/1/10 22:00
1726,2016/1/10 22:05
1727,2016/1/10 22:10
1728,2016/1/10 22:15
1729,2016/1/10 22:20
1730,2016/1/10 22:25
1731,2016/1/10 22:30
1732,2016/1/10 22:35
1733,2016/1/10 22:40
1734,2016/1/10 22:45
1735,2016/1/10 22:50
1736,2016/1/10 22:55
1737,2016/1/10 23:00
1738,2016/1/10 23:05
1739,2016/1/10 23:10
1740,2016/1/10 23:15
1741,2016/1/10 23:20
1742,2016/1/10 23:25
1743,2016/1/10 23:30
1744,2016/1/10 23:35
1745,2016/1/10 23:40
1746,2016/1/10 23:45
1747,2016/1/10 23:50
1748,2016/1/10 23:55
1749,2016/1/11 0:00
1750,2016/1/11 0:05
1751,2016/1/11 0:10
1752,2016/1/11 0:15
1753,2016/1/11 0:20
1754,2016/1/11 0:25
1755,2016/1/11 0:30
1756,2016/1/11 0:35
1757,2016/1/11 0:40
1758,2016/1/11 0:45
1759,2016/1/11 0:50
1760,2016/1/11 0:55
1761,2016/1/11 1:00
1762,2016/1/11 1:05
1763,2016/1/11 1:10
1764,2016/1/11 1:15
1765,2016/1/11 1:20
1766,2016/1/11 1:25
1767,2016/1/11 1:30
1768,2016/1/11 1:35
1769,2016/1/11 1:40
1770,2016/1/11 1:45
1771,2016/1/11 1:50
1772,2016/1/11 1:55
1773,2016/1/11 2:00
1774,2016/1/11 2:05
1775,2016/1/11 2:10
1776,2016/1/11 2:15
1777,2016/1/11 2:20
1778,2016/1/11 2:25
1779,2016/1/11 2:30
1780,2016/1/11 2:35
1781,2016/1/11 2:40
1782,2016/1/11 2:45
1783,2016/1/11 2:50
1784,2016/1/11 2:55
1785,2016/1/11 3:00
1786,2016/1/11 3:05
1787,2016/1/11 3:10
1788,2016/1/11 3:15
1789,2016/1/11 3:20
1790,2016/1/11 3:25
1791,2016/1/11 3:30
1792,2016/1/11 3:35
1793,2016/1/11 3:40
1794,2016/1/11 3:45
1795,2016/1/11 3:50
1796,2016/1/11 3:55
1797,2016/1/11 4:00
1798,2016/1/11 4:05
1799,2016/1/11 4:10
1800,2016/1/11 4:15
1801,2016/1/11 4:20
1802,2016/1/11 4:25
1803,2016/1/11 4:30
1804,2016/1/11 4:35
1805,2016/1/11 4:40
1806,2016/1/11 4:45
1807,2016/1/11 4:50
1808,2016/1/11 4:55
1809,2016/1/11 5:00
1810,2016/1/11 5:05
1811,2016/1/11 5:10
1812,2016/1/11 5:15
1813,2016/1/11 5:20
1814,2016/1/11 5:25
1815,2016/1/11 5:30
1816,2016/1/11 5:35
1817,2016/1/11 5:40
1818,2016/1/11 5:45
1819,2016/1/11 5:50
1820,2016/1/11 5:55
1821,2016/1/11 6:00
1822,2016/1/11 6:05
1823,2016/1/11 6:10
1824,2016/1/11 6:15
1825,2016/1/11 6:20
1826,2016/1/11 6:25
1827,2016/1/11 6:30
1828,2016/1/11 6:35
1829,2016/1/11 6:40
1830,2016/1/11 6:45
1831,2016/1/11 6:50
1832,2016/1/11 6:55
1833,2016/1/11 7:00
1834,2016/1/11 7:05
1835,2016/1/11 7:10
1836,2016/1/11 7:15
1837,2016/1/11 7:20
1838,2016/1/11 7:25
1839,2016/1/11 7:30
1840,2016/1/11 7:35
1841,2016/1/11 7:40
1842,2016/1/11 7:45
1843,2016/1/11 7:50
1844,2016/1/11 7:55
1845,2016/1/11 8:00
1846,2016/1/11 8:05
1847,2016/1/11 8:10
1848,2016/1/11 8:15
1849,2016/1/11 8:20
1850,2016/1/11 8:25
1851,2016/1/11 8:30
1852,2016/1/11 8:35
1853,2016/1/11 8:40
1854,2016/1/11 8:45
1855,2016/1/11 8:50
1856,2016/1/11 8:55
1857,2016/1/11 9:00
1858,2016/1/11 9:05
1859,2016/1/11 9:10
1860,2016/1/11 9:15
1861,2016/1/11 9:20
1862,2016/1/11 9:25
1863,2016/1/11 9:30
1864,2016/1/11 9:35
1865,2016/1/11 9:40
1866,2016/1/11 9:45
1867,2016/1/11 9:50
1868,2016/1/11 9:55
1869,2016/1/11 10:00
1870,2016/1/11 10:05
1871,2016/1/11 10:10
1872,2016/1/11 10:15
1873,2016/1/11 10:20
1874,2016/1/11 10:25
1875,2016/1/11 10:30
1876,2016/1/11 10:35
1877,2016/1/11 10:40
1878,2016/1/11 10:45
1879,2016/1/11 10:50
1880,2016/1/11 10:55
1881,2016/1/11 11:00
1882,2016/1/11 11:05
1883,2016/1/11 11:10
1884,2016/1/11 11:15
1885,2016/1/11 11:20
1886,2016/1/11 11:25
1887,2016/1/11 11:30
1888,2016/1/11 11:35
1889,2016/1/11 11:40
1890,2016/1/11 11:45
1891,2016/1/11 11:50
1892,2016/1/11 11:55
1893,2016/1/11 12:00
1894,2016/1/11 12:05
1895,2016/1/11 12:10
1896,2016/1/11 12:15
1897,2016/1/11 12:20
1898,2016/1/11 12:25
1899,2016/1/11 12:30
1900,2016/1/11 12:35
1901,2016/1/11 12:40
1902,2016/1/11 12:45
1903,2016/1/11 12:50
1904,2016/1/11 12:55
1905,2016/1/11 13:00
1906,2016/1/11 13:05
1907,2016/1/11 13:10
1908,2016/1/11 13:15
1909,2016/1/11 13:20
1910,2016/1/11 13:25
1911,2016/1/11 13:30
1912,2016/1/11 13:35
1913,2016/1/11 13:40
1914,2016/1/11 13:45
1915,2016/1/11 13:50
1916,2016/1/11 13:55
1917,2016/1/11 14:00
1918,2016/1/11 14:05
1919,2016/1/11 14:10
1920,2016/1/11 14:15
1921,2016/1/11 14:20
1922,2016/1/11 14:25
1923,2016/1/11 14:30
1924,2016/1/11 14:35
1925,2016/1/11 14:40
1926,2016/1/11 14:45
1927,2016/1/11 14:50
1928,2016/1/11 14:55
1929,2016/1/11 15:00
1930,2016/1/11 15:05
1931,2016/1/11 15:10
1932,2016/1/11 15:15
1933,2016/1/11 15:20
1934,2016/1/11 15:25
1935,2016/1/11 15:30
1936,2016/1/11 15:35
1937,2016/1/11 15:40
1938,2016/1/11 15:45
1939,2016/1/11 15:50
1940,2016/1/11 15:55
1941,2016/1/11 16:00
1942,2016/1/11 16:05
1943,2016/1/11 16:10
1944,2016/1/11 16:15
1945,2016/1/11 16:20
1946,2016/1/11 16:25
1947,2016/1/11 16:30
1948,2016/1/11 16:35
1949,2016/1/11 16:40
1950,2016/1/11 16:45
1951,2016/1/11 16:50
1952,2016/1/11 16:55
1953,2016/1/11 17:00
1954,2016/1/11 17:05
1955,2016/1/11 17:10
1956,2016/1/11 17:15
1957,2016/1/11 17:20
1958,2016/1/11 17:25
1959,2016/1/11 17:30
1960,2016/1/11 17:35
1961,2016/1/11 17:40
1962,2016/1/11 17:45
1963,2016/1/11 17:50
1964,2016/1/11 17:55
1965,2016/1/11 18:00
1966,2016/1/11 18:05
1967,2016/1/11 18:10
1968,2016/1/11 18:15
1969,2016/1/11 18:20
1970,2016/1/11 18:25
1971,2016/1/11 18:30
1972,2016/1/11 18:35
1973,2016/1/11 18:40
1974,2016/1/11 18:45
1975,2016/1/11 18:50
1976,2016/1/11 18:55
1977,2016/1/11 19:00
1978,2016/1/11 19:05
1979,2016/1/11 19:10
1980,2016/1/11 19:15
1981,2016/1/11 19:20
1982,2016/1/11 19:25
1983,2016/1/11 19:30
1984,2016/1/11 19:35
1985,2016/1/11 19:40
1986,2016/1/11 19:45
1987,2016/1/11 19:50
1988,2016/1/11 19:55
1989,2016/1/11 20:00
1990,2016/1/11 20:05
1991,2016/1/11 20:10
1992,2016/1/11 20:15
1993,2016/1/11 20:20
1994,2016/1/11 20:25
1995,2016/1/11 20:30
1996,2016/1/11 20:35
1997,2016/1/11 20:40
1998,2016/1/11 20:45
1999,2016/1/11 20:50
2000,2016/1/11 20:55
2001,2016/1/11 21:00
2002,2016/1/11 21:05
2003,2016/1/11 21:10
2004,2016/1/11 21:15
2005,2016/1/11 21:20
2006,2016/1/11 21:25
2007,2016/1/11 21:30
2008,2016/1/11 21:35
2009,2016/1/11 21:40
2010,2016/1/11 21:45
2011,2016/1/11 21:50
2012,2016/1/11 21:55
2013,2016/1/11 22:00
2014,2016/1/11 22:05
2015,2016/1/11 22:10
2016,2016/1/11 22:15
2017,2016/1/11 22:20
2018,2016/1/11 22:25
2019,2016/1/11 22:30
2020,2016/1/11 22:35
2021,2016/1/11 22:40
2022,2016/1/11 22:45
2023,2016/1/11 22:50
2024,2016/1/11 22:55
2025,2016/1/11 23:00
2026,2016/1/11 23:05
2027,2016/1/11 23:10
2028,2016/1/11 23:15
2029,2016/1/11 23:20
2030,2016/1/11 23:25
2031,2016/1/11 23:30
2032,2016/1/11 23:35
2033,2016/1/11 23:40
2034,2016/1/11 23:45
2035,2016/1/11 23:50
2036,2016/1/11 23:55
2037,2016/1/12 0:00
2038,2016/1/12 0:05
2039,2016/1/12 0:10
2040,2016/1/12 0:15
2041,2016/1/12 0:20
2042,2016/1/12 0:25
2043,2016/1/12 0:30
2044,2016/1/12 0:35
2045,2016/1/12 0:40
2046,2016/1/12 0:45
2047,2016/1/12 0:50
2048,2016/1/12 0:55
2049,2016/1/12 1:00
2050,2016/1/12 1:05
2051,2016/1/12 1:10
2052,2016/1/12 1:15
2053,2016/1/12 1:20
2054,2016/1/12 1:25
2055,2016/1/12 1:30
2056,2016/1/12 1:35
2057,2016/1/12 1:40
2058,2016/1/12 1:45
2059,2016/1/12 1:50
2060,2016/1/12 1:55
2061,2016/1/12 2:00
2062,2016/1/12 2:05
2063,2016/1/12 2:10
2064,2016/1/12 2:15
2065,2016/1/12 2:20
2066,2016/1/12 2:25
2067,2016/1/12 2:30
2068,2016/1/12 2:35
2069,2016/1/12 2:40
2070,2016/1/12 2:45
2071,2016/1/12 2:50
2072,2016/1/12 2:55
2073,2016/1/12 3:00
2074,2016/1/12 3:05
2075,2016/1/12 3:10
2076,2016/1/12 3:15
2077,2016/1/12 3:20
2078,2016/1/12 3:25
2079,2016/1/12 3:30
2080,2016/1/12 3:35
2081,2016/1/12 3:40
2082,2016/1/12 3:45
2083,2016/1/12 3:50
2084,2016/1/12 3:55
2085,2016/1/12 4:00
2086,2016/1/12 4:05
2087,2016/1/12 4:10
2088,2016/1/12 4:15
2089,2016/1/12 4:20
2090,2016/1/12 4:25
2091,2016/1/12 4:30
2092,2016/1/12 4:35
2093,2016/1/12 4:40
2094,2016/1/12 4:45
2095,2016/1/12 4:50
2096,2016/1/12 4:55
2097,2016/1/12 5:00
2098,2016/1/12 5:05
2099,2016/1/12 5:10
2100,2016/1/12 5:15
2101,2016/1/12 5:20
2102,2016/1/12 5:25
2103,2016/1/12 5:30
2104,2016/1/12 5:35
2105,2016/1/12 5:40
2106,2016/1/12 5:45
2107,2016/1/12 5:50
2108,2016/1/12 5:55
2109,2016/1/12 6:00
2110,2016/1/12 6:05
2111,2016/1/12 6:10
2112,2016/1/12 6:15
2113,2016/1/12 6:20
2114,2016/1/12 6:25
2115,2016/1/12 6:30
2116,2016/1/12 6:35
2117,2016/1/12 6:40
2118,2016/1/12 6:45
2119,2016/1/12 6:50
2120,2016/1/12 6:55
2121,2016/1/12 7:00
2122,2016/1/12 7:05
2123,2016/1/12 7:10
2124,2016/1/12 7:15
2125,2016/1/12 7:20
2126,2016/1/12 7:25
2127,2016/1/12 7:30
2128,2016/1/12 7:35
2129,2016/1/12 7:40
2130,2016/1/12 7:45
2131,2016/1/12 7:50
2132,2016/1/12 7:55
2133,2016/1/12 8:00
2134,2016/1/12 8:05
2135,2016/1/12 8:10
2136,2016/1/12 8:15
2137,2016/1/12 8:20
2138,2016/1/12 8:25
2139,2016/1/12 8:30
2140,2016/1/12 8:35
2141,2016/1/12 8:40
2142,2016/1/12 8:45
2143,2016/1/12 8:50
2144,2016/1/12 8:55
2145,2016/1/12 9:00
2146,2016/1/12 9:05
2147,2016/1/12 9:10
2148,2016/1/12 9:15
2149,2016/1/12 9:20
2150,2016/1/12 9:25
2151,2016/1/12 9:30
2152,2016/1/12 9:35
2153,2016/1/12 9:40
2154,2016/1/12 9:45
2155,2016/1/12 9:50
2156,2016/1/12 9:55
2157,2016/1/12 10:00
2158,2016/1/12 10:05
2159,2016/1/12 10:10
2160,2016/1/12 10:15
2161,2016/1/12 10:20
2162,2016/1/12 10:25
2163,2016/1/12 10:30
2164,2016/1/12 10:35
2165,2016/1/12 10:40
2166,2016/1/12 10:45
2167,2016/1/12 10:50
2168,2016/1/12 10:55
2169,2016/1/12 11:00
2170,2016/1/12 11:05
2171,2016/1/12 11:10
2172,2016/1/12 11:15
2173,2016/1/12 11:20
2174,2016/1/12 11:25
2175,2016/1/12 11:30
2176,2016/1/12 11:35
2177,2016/1/12 11:40
2178,2016/1/12 11:45
2179,2016/1/12 11:50
2180,2016/1/12 11:55
2181,2016/1/12 12:00
2182,2016/1/12 12:05
2183,2016/1/12 12:10
2184,2016/1/12 12:15
2185,2016/1/12 12:20
2186,2016/1/12 12:25
2187,2016/1/12 12:30
2188,2016/1/12 12:35
2189,2016/1/12 12:40
2190,2016/1/12 12:45
2191,2016/1/12 12:50
2192,2016/1/12 12:55
2193,2016/1/12 13:00
2194,2016/1/12 13:05
2195,2016/1/12 13:10
2196,2016/1/12 13:15
2197,2016/1/12 13:20
2198,2016/1/12 13:25
2199,2016/1/12 13:30
2200,2016/1/12 13:35
2201,2016/1/12 13:40
2202,2016/1/12 13:45
2203,2016/1/12 13:50
2204,2016/1/12 13:55
2205,2016/1/12 14:00
2206,2016/1/12 14:05
2207,2016/1/12 14:10
2208,2016/1/12 14:15
2209,2016/1/12 14:20
2210,2016/1/12 14:25
2211,2016/1/12 14:30
2212,2016/1/12 14:35
2213,2016/1/12 14:40
2214,2016/1/12 14:45
2215,2016/1/12 14:50
2216,2016/1/12 14:55
2217,2016/1/12 15:00
2218,2016/1/12 15:05
2219,2016/1/12 15:10
2220,2016/1/12 15:15
2221,2016/1/12 15:20
2222,2016/1/12 15:25
2223,2016/1/12 15:30
2224,2016/1/12 15:35
2225,2016/1/12 15:40
2226,2016/1/12 15:45
2227,2016/1/12 15:50
2228,2016/1/12 15:55
2229,2016/1/12 16:00
2230,2016/1/12 16:05
2231,2016/1/12 16:10
2232,2016/1/12 16:15
2233,2016/1/12 16:20
2234,2016/1/12 16:25
2235,2016/1/12 16:30
2236,2016/1/12 16:35
2237,2016/1/12 16:40
2238,2016/1/12 16:45
2239,2016/1/12 16:50
2240,2016/1/12 16:55
2241,2016/1/12 17:00
2242,2016/1/12 17:05
2243,2016/1/12 17:10
2244,2016/1/12 17:15
2245,2016/1/12 17:20
2246,2016/1/12 17:25
2247,2016/1/12 17:30
2248,2016/1/12 17:35
2249,2016/1/12 17:40
2250,2016/1/12 17:45
2251,2016/1/12 17:50
2252,2016/1/12 17:55
2253,2016/1/12 18:00
2254,2016/1/12 18:05
2255,2016/1/12 18:10
2256,2016/1/12 18:15
2257,2016/1/12 18:20
2258,2016/1/12 18:25
2259,2016/1/12 18:30
2260,2016/1/12 18:35
2261,2016/1/12 18:40
2262,2016/1/12 18:45
2263,2016/1/12 18:50
2264,2016/1/12 18:55
2265,2016/1/12 19:00
2266,2016/1/12 19:05
2267,2016/1/12 19:10
2268,2016/1/12 19:15
2269,2016/1/12 19:20
2270,2016/1/12 19:25
2271,2016/1/12 19:30
2272,2016/1/12 19:35
2273,2016/1/12 19:40
2274,2016/1/12 19:45
2275,2016/1/12 19:50
2276,2016/1/12 19:55
2277,2016/1/12 20:00
2278,2016/1/12 20:05
2279,2016/1/12 20:10
2280,2016/1/12 20:15
2281,2016/1/12 20:20
2282,2016/1/12 20:25
2283,2016/1/12 20:30
2284,2016/1/12 20:35
2285,2016/1/12 20:40
2286,2016/1/12 20:45
2287,2016/1/12 20:50
2288,2016/1/12 20:55
2289,2016/1/12 21:00
2290,2016/1/12 21:05
2291,2016/1/12 21:10
2292,2016/1/12 21:15
2293,2016/1/12 21:20
2294,2016/1/12 21:25
2295,2016/1/12 21:30
2296,2016/1/12 21:35
2297,2016/1/12 21:40
2298,2016/1/12 21:45
2299,2016/1/12 21:50
2300,2016/1/12 21:55
2301,2016/1/12 22:00
2302,2016/1/12 22:05
2303,2016/1/12 22:10
2304,2016/1/12 22:15
2305,2016/1/12 22:20
2306,2016/1/12 22:25
2307,2016/1/12 22:30
2308,2016/1/12 22:35
2309,2016/1/12 22:40
2310,2016/1/12 22:45
2311,2016/1/12 22:50
2312,2016/1/12 22:55
2313,2016/1/12 23:00
2314,2016/1/12 23:05
2315,2016/1/12 23:10
2316,2016/1/12 23:15
2317,2016/1/12 23:20
2318,2016/1/12 23:25
2319,2016/1/12 23:30
2320,2016/1/12 23:35
2321,2016/1/12 23:40
2322,2016/1/12 23:45
2323,2016/1/12 23:50
2324,2016/1/12 23:55
2325,2016/1/13 0:00
2326,2016/1/13 0:05
2327,2016/1/13 0:10
2328,2016/1/13 0:15
2329,2016/1/13 0:20
2330,2016/1/13 0:25
2331,2016/1/13 0:30
2332,2016/1/13 0:35
2333,2016/1/13 0:40
2334,2016/1/13 0:45
2335,2016/1/13 0:50
2336,2016/1/13 0:55
2337,2016/1/13 1:00
2338,2016/1/13 1:05
2339,2016/1/13 1:10
2340,2016/1/13 1:15
2341,2016/1/13 1:20
2342,2016/1/13 1:25
2343,2016/1/13 1:30
2344,2016/1/13 1:35
2345,2016/1/13 1:40
2346,2016/1/13 1:45
2347,2016/1/13 1:50
2348,2016/1/13 1:55
2349,2016/1/13 2:00
2350,2016/1/13 2:05
2351,2016/1/13 2:10
2352,2016/1/13 2:15
2353,2016/1/13 2:20
2354,2016/1/13 2:25
2355,2016/1/13 2:30
2356,2016/1/13 2:35
2357,2016/1/13 2:40
2358,2016/1/13 2:45
2359,2016/1/13 2:50
2360,2016/1/13 2:55
2361,2016/1/13 3:00
2362,2016/1/13 3:05
2363,2016/1/13 3:10
2364,2016/1/13 3:15
2365,2016/1/13 3:20
2366,2016/1/13 3:25
2367,2016/1/13 3:30
2368,2016/1/13 3:35
2369,2016/1/13 3:40
2370,2016/1/13 3:45
2371,2016/1/13 3:50
2372,2016/1/13 3:55
2373,2016/1/13 4:00
2374,2016/1/13 4:05
2375,2016/1/13 4:10
2376,2016/1/13 4:15
2377,2016/1/13 4:20
2378,2016/1/13 4:25
2379,2016/1/13 4:30
2380,2016/1/13 4:35
2381,2016/1/13 4:40
2382,2016/1/13 4:45
2383,2016/1/13 4:50
2384,2016/1/13 4:55
2385,2016/1/13 5:00
2386,2016/1/13 5:05
2387,2016/1/13 5:10
2388,2016/1/13 5:15
2389,2016/1/13 5:20
2390,2016/1/13 5:25
2391,2016/1/13 5:30
2392,2016/1/13 5:35
2393,2016/1/13 5:40
2394,2016/1/13 5:45
2395,2016/1/13 5:50
2396,2016/1/13 5:55
2397,2016/1/13 6:00
2398,2016/1/13 6:05
2399,2016/1/13 6:10
2400,2016/1/13 6:15
2401,2016/1/13 6:20
2402,2016/1/13 6:25
2403,2016/1/13 6:30
2404,2016/1/13 6:35
2405,2016/1/13 6:40
2406,2016/1/13 6:45
2407,2016/1/13 6:50
2408,2016/1/13 6:55
2409,2016/1/13 7:00
2410,2016/1/13 7:05
2411,2016/1/13 7:10
2412,2016/1/13 7:15
2413,2016/1/13 7:20
2414,2016/1/13 7:25
2415,2016/1/13 7:30
2416,2016/1/13 7:35
2417,2016/1/13 7:40
2418,2016/1/13 7:45
2419,2016/1/13 7:50
2420,2016/1/13 7:55
2421,2016/1/13 8:00
2422,2016/1/13 8:05
2423,2016/1/13 8:10
2424,2016/1/13 8:15
2425,2016/1/13 8:20
2426,2016/1/13 8:25
2427,2016/1/13 8:30
2428,2016/1/13 8:35
2429,2016/1/13 8:40
2430,2016/1/13 8:45
2431,2016/1/13 8:50
2432,2016/1/13 8:55
2433,2016/1/13 9:00
2434,2016/1/13 9:05
2435,2016/1/13 9:10
2436,2016/1/13 9:15
2437,2016/1/13 9:20
2438,2016/1/13 9:25
2439,2016/1/13 9:30
2440,2016/1/13 9:35
2441,2016/1/13 9:40
2442,2016/1/13 9:45
2443,2016/1/13 9:50
2444,2016/1/13 9:55
2445,2016/1/13 10:00
2446,2016/1/13 10:05
2447,2016/1/13 10:10
2448,2016/1/13 10:15
2449,2016/1/13 10:20
2450,2016/1/13 10:25
2451,2016/1/13 10:30
2452,2016/1/13 10:35
2453,2016/1/13 10:40
2454,2016/1/13 10:45
2455,2016/1/13 10:50
2456,2016/1/13 10:55
2457,2016/1/13 11:00
2458,2016/1/13 11:05
2459,2016/1/13 11:10
2460,2016/1/13 11:15
2461,2016/1/13 11:20
2462,2016/1/13 11:25
2463,2016/1/13 11:30
2464,2016/1/13 11:35
2465,2016/1/13 11:40
2466,2016/1/13 11:45
2467,2016/1/13 11:50
2468,2016/1/13 11:55
2469,2016/1/13 12:00
2470,2016/1/13 12:05
2471,2016/1/13 12:10
2472,2016/1/13 12:15
2473,2016/1/13 12:20
2474,2016/1/13 12:25
2475,2016/1/13 12:30
2476,2016/1/13 12:35
2477,2016/1/13 12:40
2478,2016/1/13 12:45
2479,2016/1/13 12:50
2480,2016/1/13 12:55
2481,2016/1/13 13:00
2482,2016/1/13 13:05
2483,2016/1/13 13:10
2484,2016/1/13 13:15
2485,2016/1/13 13:20
2486,2016/1/13 13:25
2487,2016/1/13 13:30
2488,2016/1/13 13:35
2489,2016/1/13 13:40
2490,2016/1/13 13:45
2491,2016/1/13 13:50
2492,2016/1/13 13:55
2493,2016/1/13 14:00
2494,2016/1/13 14:05
2495,2016/1/13 14:10
2496,2016/1/13 14:15
2497,2016/1/13 14:20
2498,2016/1/13 14:25
2499,2016/1/13 14:30
2500,2016/1/13 14:35
2501,2016/1/13 14:40
2502,2016/1/13 14:45
2503,2016/1/13 14:50
2504,2016/1/13 14:55
2505,2016/1/13 15:00
2506,2016/1/13 15:05
2507,2016/1/13 15:10
2508,2016/1/13 15:15
2509,2016/1/13 15:20
2510,2016/1/13 15:25
2511,2016/1/13 15:30
2512,2016/1/13 15:35
2513,2016/1/13 15:40
2514,2016/1/13 15:45
2515,2016/1/13 15:50
2516,2016/1/13 15:55
2517,2016/1/13 16:00
2518,2016/1/13 16:05
2519,2016/1/13 16:10
2520,2016/1/13 16:15
2521,2016/1/13 16:20
2522,2016/1/13 16:25
2523,2016/1/13 16:30
2524,2016/1/13 16:35
2525,2016/1/13 16:40
2526,2016/1/13 16:45
2527,2016/1/13 16:50
2528,2016/1/13 16:55
2529,2016/1/13 17:00
2530,2016/1/13 17:05
2531,2016/1/13 17:10
2532,2016/1/13 17:15
2533,2016/1/13 17:20
2534,2016/1/13 17:25
2535,2016/1/13 17:30
2536,2016/1/13 17:35
2537,2016/1/13 17:40
2538,2016/1/13 17:45
2539,2016/1/13 17:50
2540,2016/1/13 17:55
2541,2016/1/13 18:00
2542,2016/1/13 18:05
2543,2016/1/13 18:10
2544,2016/1/13 18:15
2545,2016/1/13 18:20
2546,2016/1/13 18:25
2547,2016/1/13 18:30
2548,2016/1/13 18:35
2549,2016/1/13 18:40
2550,2016/1/13 18:45
2551,2016/1/13 18:50
2552,2016/1/13 18:55
2553,2016/1/13 19:00
2554,2016/1/13 19:05
2555,2016/1/13 19:10
2556,2016/1/13 19:15
2557,2016/1/13 19:20
2558,2016/1/13 19:25
2559,2016/1/13 19:30
2560,2016/1/13 19:35
2561,2016/1/13 19:40
2562,2016/1/13 19:45
2563,2016/1/13 19:50
2564,2016/1/13 19:55
2565,2016/1/13 20:00
2566,2016/1/13 20:05
2567,2016/1/13 20:10
2568,2016/1/13 20:15
2569,2016/1/13 20:20
2570,2016/1/13 20:25
2571,2016/1/13 20:30
2572,2016/1/13 20:35
2573,2016/1/13 20:40
2574,2016/1/13 20:45
2575,2016/1/13 20:50
2576,2016/1/13 20:55
2577,2016/1/13 21:00
2578,2016/1/13 21:05
2579,2016/1/13 21:10
2580,2016/1/13 21:15
2581,2016/1/13 21:20
2582,2016/1/13 21:25
2583,2016/1/13 21:30
2584,2016/1/13 21:35
2585,2016/1/13 21:40
2586,2016/1/13 21:45
2587,2016/1/13 21:50
2588,2016/1/13 21:55
2589,2016/1/13 22:00
2590,2016/1/13 22:05
2591,2016/1/13 22:10
2592,2016/1/13 22:15
2593,2016/1/13 22:20
2594,2016/1/13 22:25
2595,2016/1/13 22:30
2596,2016/1/13 22:35
2597,2016/1/13 22:40
2598,2016/1/13 22:45
2599,2016/1/13 22:50
2600,2016/1/13 22:55
2601,2016/1/13 23:00
2602,2016/1/13 23:05
2603,2016/1/13 23:10
2604,2016/1/13 23:15
2605,2016/1/13 23:20
2606,2016/1/13 23:25
2607,2016/1/13 23:30
2608,2016/1/13 23:35
2609,2016/1/13 23:40
2610,2016/1/13 23:45
2611,2016/1/13 23:50
2612,2016/1/13 23:55
2613,2016/1/14 0:00
2614,2016/1/14 0:05
2615,2016/1/14 0:10
2616,2016/1/14 0:15
2617,2016/1/14 0:20
2618,2016/1/14 0:25
2619,2016/1/14 0:30
2620,2016/1/14 0:35
2621,2016/1/14 0:40
2622,2016/1/14 0:45
2623,2016/1/14 0:50
2624,2016/1/14 0:55
2625,2016/1/14 1:00
2626,2016/1/14 1:05
2627,2016/1/14 1:10
2628,2016/1/14 1:15
2629,2016/1/14 1:20
2630,2016/1/14 1:25
2631,2016/1/14 1:30
2632,2016/1/14 1:35
2633,2016/1/14 1:40
2634,2016/1/14 1:45
2635,2016/1/14 1:50
2636,2016/1/14 1:55
2637,2016/1/14 2:00
2638,2016/1/14 2:05
2639,2016/1/14 2:10
2640,2016/1/14 2:15
2641,2016/1/14 2:20
2642,2016/1/14 2:25
2643,2016/1/14 2:30
2644,2016/1/14 2:35
2645,2016/1/14 2:40
2646,2016/1/14 2:45
2647,2016/1/14 2:50
2648,2016/1/14 2:55
2649,2016/1/14 3:00
2650,2016/1/14 3:05
2651,2016/1/14 3:10
2652,2016/1/14 3:15
2653,2016/1/14 3:20
2654,2016/1/14 3:25
2655,2016/1/14 3:30
2656,2016/1/14 3:35
2657,2016/1/14 3:40
2658,2016/1/14 3:45
2659,2016/1/14 3:50
2660,2016/1/14 3:55
2661,2016/1/14 4:00
2662,2016/1/14 4:05
2663,2016/1/14 4:10
2664,2016/1/14 4:15
2665,2016/1/14 4:20
2666,2016/1/14 4:25
2667,2016/1/14 4:30
2668,2016/1/14 4:35
2669,2016/1/14 4:40
2670,2016/1/14 4:45
2671,2016/1/14 4:50
2672,2016/1/14 4:55
2673,2016/1/14 5:00
2674,2016/1/14 5:05
2675,2016/1/14 5:10
2676,2016/1/14 5:15
2677,2016/1/14 5:20
2678,2016/1/14 5:25
2679,2016/1/14 5:30
2680,2016/1/14 5:35
2681,2016/1/14 5:40
2682,2016/1/14 5:45
2683,2016/1/14 5:50
2684,2016/1/14 5:55
2685,2016/1/14 6:00
2686,2016/1/14 6:05
2687,2016/1/14 6:10
2688,2016/1/14 6:15
2689,2016/1/14 6:20
2690,2016/1/14 6:25
2691,2016/1/14 6:30
2692,2016/1/14 6:35
2693,2016/1/14 6:40
2694,2016/1/14 6:45
2695,2016/1/14 6:50
2696,2016/1/14 6:55
2697,2016/1/14 7:00
2698,2016/1/14 7:05
2699,2016/1/14 7:10
2700,2016/1/14 7:15
2701,2016/1/14 7:20
2702,2016/1/14 7:25
2703,2016/1/14 7:30
2704,2016/1/14 7:35
2705,2016/1/14 7:40
2706,2016/1/14 7:45
2707,2016/1/14 7:50
2708,2016/1/14 7:55
2709,2016/1/14 8:00
2710,2016/1/14 8:05
2711,2016/1/14 8:10
2712,2016/1/14 8:15
2713,2016/1/14 8:20
2714,2016/1/14 8:25
2715,2016/1/14 8:30
2716,2016/1/14 8:35
2717,2016/1/14 8:40
2718,2016/1/14 8:45
2719,2016/1/14 8:50
2720,2016/1/14 8:55
2721,2016/1/14 9:00
2722,2016/1/14 9:05
2723,2016/1/14 9:10
2724,2016/1/14 9:15
2725,2016/1/14 9:20
2726,2016/1/14 9:25
2727,2016/1/14 9:30
2728,2016/1/14 9:35
2729,2016/1/14 9:40
2730,2016/1/14 9:45
2731,2016/1/14 9:50
2732,2016/1/14 9:55
2733,2016/1/14 10:00
2734,2016/1/14 10:05
2735,2016/1/14 10:10
2736,2016/1/14 10:15
2737,2016/1/14 10:20
2738,2016/1/14 10:25
2739,2016/1/14 10:30
2740,2016/1/14 10:35
2741,2016/1/14 10:40
2742,2016/1/14 10:45
2743,2016/1/14 10:50
2744,2016/1/14 10:55
2745,2016/1/14 11:00
2746,2016/1/14 11:05
2747,2016/1/14 11:10
2748,2016/1/14 11:15
2749,2016/1/14 11:20
2750,2016/1/14 11:25
2751,2016/1/14 11:30
2752,2016/1/14 11:35
2753,2016/1/14 11:40
2754,2016/1/14 11:45
2755,2016/1/14 11:50
2756,2016/1/14 11:55
2757,2016/1/14 12:00
2758,2016/1/14 12:05
2759,2016/1/14 12:10
2760,2016/1/14 12:15
2761,2016/1/14 12:20
2762,2016/1/14 12:25
2763,2016/1/14 12:30
2764,2016/1/14 12:35
2765,2016/1/14 12:40
2766,2016/1/14 12:45
2767,2016/1/14 12:50
2768,2016/1/14 12:55
2769,2016/1/14 13:00
2770,2016/1/14 13:05
2771,2016/1/14 13:10
2772,2016/1/14 13:15
2773,2016/1/14 13:20
2774,2016/1/14 13:25
2775,2016/1/14 13:30
2776,2016/1/14 13:35
2777,2016/1/14 13:40
2778,2016/1/14 13:45
2779,2016/1/14 13:50
2780,2016/1/14 13:55
2781,2016/1/14 14:00
2782,2016/1/14 14:05
2783,2016/1/14 14:10
2784,2016/1/14 14:15
2785,2016/1/14 14:20
2786,2016/1/14 14:25
2787,2016/1/14 14:30
2788,2016/1/14 14:35
2789,2016/1/14 14:40
2790,2016/1/14 14:45
2791,2016/1/14 14:50
2792,2016/1/14 14:55
2793,2016/1/14 15:00
2794,2016/1/14 15:05
2795,2016/1/14 15:10
2796,2016/1/14 15:15
2797,2016/1/14 15:20
2798,2016/1/14 15:25
2799,2016/1/14 15:30
2800,2016/1/14 15:35
2801,2016/1/14 15:40
2802,2016/1/14 15:45
2803,2016/1/14 15:50
2804,2016/1/14 15:55
2805,2016/1/14 16:00
2806,2016/1/14 16:05
2807,2016/1/14 16:10
2808,2016/1/14 16:15
2809,2016/1/14 16:20
2810,2016/1/14 16:25
2811,2016/1/14 16:30
2812,2016/1/14 16:35
2813,2016/1/14 16:40
2814,2016/1/14 16:45
2815,2016/1/14 16:50
2816,2016/1/14 16:55
2817,2016/1/14 17:00
2818,2016/1/14 17:05
2819,2016/1/14 17:10
2820,2016/1/14 17:15
2821,2016/1/14 17:20
2822,2016/1/14 17:25
2823,2016/1/14 17:30
2824,2016/1/14 17:35
2825,2016/1/14 17:40
2826,2016/1/14 17:45
2827,2016/1/14 17:50
2828,2016/1/14 17:55
2829,2016/1/14 18:00
2830,2016/1/14 18:05
2831,2016/1/14 18:10
2832,2016/1/14 18:15
2833,2016/1/14 18:20
2834,2016/1/14 18:25
2835,2016/1/14 18:30
2836,2016/1/14 18:35
2837,2016/1/14 18:40
2838,2016/1/14 18:45
2839,2016/1/14 18:50
2840,2016/1/14 18:55
2841,2016/1/14 19:00
2842,2016/1/14 19:05
2843,2016/1/14 19:10
2844,2016/1/14 19:15
2845,2016/1/14 19:20
2846,2016/1/14 19:25
2847,2016/1/14 19:30
2848,2016/1/14 19:35
2849,2016/1/14 19:40
2850,2016/1/14 19:45
2851,2016/1/14 19:50
2852,2016/1/14 19:55
2853,2016/1/14 20:00
2854,2016/1/14 20:05
2855,2016/1/14 20:10
2856,2016/1/14 20:15
2857,2016/1/14 20:20
2858,2016/1/14 20:25
2859,2016/1/14 20:30
2860,2016/1/14 20:35
2861,2016/1/14 20:40
2862,2016/1/14 20:45
2863,2016/1/14 20:50
2864,2016/1/14 20:55
2865,2016/1/14 21:00
2866,2016/1/14 21:05
2867,2016/1/14 21:10
2868,2016/1/14 21:15
2869,2016/1/14 21:20
2870,2016/1/14 21:25
2871,2016/1/14 21:30
2872,2016/1/14 21:35
2873,2016/1/14 21:40
2874,2016/1/14 21:45
2875,2016/1/14 21:50
2876,2016/1/14 21:55
2877,2016/1/14 22:00
2878,2016/1/14 22:05
2879,2016/1/14 22:10
2880,2016/1/14 22:15
2881,2016/1/14 22:20
2882,2016/1/14 22:25
2883,2016/1/14 22:30
2884,2016/1/14 22:35
2885,2016/1/14 22:40
2886,2016/1/14 22:45
2887,2016/1/14 22:50
2888,2016/1/14 22:55
2889,2016/1/14 23:00
2890,2016/1/14 23:05
2891,2016/1/14 23:10
2892,2016/1/14 23:15
2893,2016/1/14 23:20
2894,2016/1/14 23:25
2895,2016/1/14 23:30
2896,2016/1/14 23:35
2897,2016/1/14 23:40
2898,2016/1/14 23:45
2899,2016/1/14 23:50
2900,2016/1/14 23:55
2901,2016/1/15 0:00
2902,2016/1/15 0:05
2903,2016/1/15 0:10
2904,2016/1/15 0:15
2905,2016/1/15 0:20
2906,2016/1/15 0:25
2907,2016/1/15 0:30
2908,2016/1/15 0:35
2909,2016/1/15 0:40
2910,2016/1/15 0:45
2911,2016/1/15 0:50
2912,2016/1/15 0:55
2913,2016/1/15 1:00
2914,2016/1/15 1:05
2915,2016/1/15 1:10
2916,2016/1/15 1:15
2917,2016/1/15 1:20
2918,2016/1/15 1:25
2919,2016/1/15 1:30
2920,2016/1/15 1:35
2921,2016/1/15 1:40
2922,2016/1/15 1:45
2923,2016/1/15 1:50
2924,2016/1/15 1:55
2925,2016/1/15 2:00
2926,2016/1/15 2:05
2927,2016/1/15 2:10
2928,2016/1/15 2:15
2929,2016/1/15 2:20
2930,2016/1/15 2:25
2931,2016/1/15 2:30
2932,2016/1/15 2:35
2933,2016/1/15 2:40
2934,2016/1/15 2:45
2935,2016/1/15 2:50
2936,2016/1/15 2:55
2937,2016/1/15 3:00
2938,2016/1/15 3:05
2939,2016/1/15 3:10
2940,2016/1/15 3:15
2941,2016/1/15 3:20
2942,2016/1/15 3:25
2943,2016/1/15 3:30
2944,2016/1/15 3:35
2945,2016/1/15 3:40
2946,2016/1/15 3:45
2947,2016/1/15 3:50
2948,2016/1/15 3:55
2949,2016/1/15 4:00
2950,2016/1/15 4:05
2951,2016/1/15 4:10
2952,2016/1/15 4:15
2953,2016/1/15 4:20
2954,2016/1/15 4:25
2955,2016/1/15 4:30
2956,2016/1/15 4:35
2957,2016/1/15 4:40
2958,2016/1/15 4:45
2959,2016/1/15 4:50
2960,2016/1/15 4:55
2961,2016/1/15 5:00
2962,2016/1/15 5:05
2963,2016/1/15 5:10
2964,2016/1/15 5:15
2965,2016/1/15 5:20
2966,2016/1/15 5:25
2967,2016/1/15 5:30
2968,2016/1/15 5:35
2969,2016/1/15 5:40
2970,2016/1/15 5:45
2971,2016/1/15 5:50
2972,2016/1/15 5:55
2973,2016/1/15 6:00
2974,2016/1/15 6:05
2975,2016/1/15 6:10
2976,2016/1/15 6:15
2977,2016/1/15 6:20
2978,2016/1/15 6:25
2979,2016/1/15 6:30
2980,2016/1/15 6:35
2981,2016/1/15 6:40
2982,2016/1/15 6:45
2983,2016/1/15 6:50
2984,2016/1/15 6:55
2985,2016/1/15 7:00
2986,2016/1/15 7:05
2987,2016/1/15 7:10
2988,2016/1/15 7:15
2989,2016/1/15 7:20
2990,2016/1/15 7:25
2991,2016/1/15 7:30
2992,2016/1/15 7:35
2993,2016/1/15 7:40
2994,2016/1/15 7:45
2995,2016/1/15 7:50
2996,2016/1/15 7:55
2997,2016/1/15 8:00
2998,2016/1/15 8:05
2999,2016/1/15 8:10
