,zhonghnanindown,lag1,lag2,lag3,lag4,lag5,lag6,lag7,lag8,lag9,lag10,lag11,lag12,lag13,average
5000,71,44,73,58,51,47,62,77,68,57,61,84,73,59,50
5001,49,71,44,73,58,51,47,62,77,68,57,61,84,73,47.33333333
5002,56,49,71,44,73,58,51,47,62,77,68,57,61,84,55
5003,40,56,49,71,44,73,58,51,47,62,77,68,57,61,52.33333333
5004,44,40,56,49,71,44,73,58,51,47,62,77,68,57,50
5005,47,44,40,56,49,71,44,73,58,51,47,62,77,68,48
5006,42,47,44,40,56,49,71,44,73,58,51,47,62,77,48.33333333
5007,59,42,47,44,40,56,49,71,44,73,58,51,47,62,48.66666667
5008,54,59,42,47,44,40,56,49,71,44,73,58,51,47,50.33333333
5009,38,54,59,42,47,44,40,56,49,71,44,73,58,51,52.33333333
5010,54,38,54,59,42,47,44,40,56,49,71,44,73,58,48.66666667
5011,34,54,38,54,59,42,47,44,40,56,49,71,44,73,43.66666667
5012,52,34,54,38,54,59,42,47,44,40,56,49,71,44,46.66666667
5013,55,52,34,54,38,54,59,42,47,44,40,56,49,71,39.66666667
5014,39,55,52,34,54,38,54,59,42,47,44,40,56,49,44.66666667
5015,39,39,55,52,34,54,38,54,59,42,47,44,40,56,40.66666667
5016,39,39,39,55,52,34,54,38,54,59,42,47,44,40,43.66666667
5017,39,39,39,39,55,52,34,54,38,54,59,42,47,44,42.33333333
5018,38,39,39,39,39,55,52,34,54,38,54,59,42,47,43.33333333
5019,50,38,39,39,39,39,55,52,34,54,38,54,59,42,39.33333333
5020,42,50,38,39,39,39,39,55,52,34,54,38,54,59,43.33333333
5021,40,42,50,38,39,39,39,39,55,52,34,54,38,54,39
5022,42,40,42,50,38,39,39,39,39,55,52,34,54,38,40.66666667
5023,51,42,40,42,50,38,39,39,39,39,55,52,34,54,38
5024,44,51,42,40,42,50,38,39,39,39,39,55,52,34,40.33333333
5025,44,44,51,42,40,42,50,38,39,39,39,39,55,52,41.66666667
5026,48,44,44,51,42,40,42,50,38,39,39,39,39,55,39
5027,40,48,44,44,51,42,40,42,50,38,39,39,39,39,43
5028,45,40,48,44,44,51,42,40,42,50,38,39,39,39,38.66666667
5029,39,45,40,48,44,44,51,42,40,42,50,38,39,39,34.33333333
5030,34,39,45,40,48,44,44,51,42,40,42,50,38,39,34
5031,27,34,39,45,40,48,44,44,51,42,40,42,50,38,29
5032,34,27,34,39,45,40,48,44,44,51,42,40,42,50,33
5033,31,34,27,34,39,45,40,48,44,44,51,42,40,42,45
5034,28,31,34,27,34,39,45,40,48,44,44,51,42,40,33
5035,24,28,31,34,27,34,39,45,40,48,44,44,51,42,39
5036,29,24,28,31,34,27,34,39,45,40,48,44,44,51,35.33333333
5037,29,29,24,28,31,34,27,34,39,45,40,48,44,44,30.66666667
5038,34,29,29,24,28,31,34,27,34,39,45,40,48,44,31.66666667
5039,29,34,29,29,24,28,31,34,27,34,39,45,40,48,33
5040,37,29,34,29,29,24,28,31,34,27,34,39,45,40,39
5041,37,37,29,34,29,29,24,28,31,34,27,34,39,45,35.66666667
5042,23,37,37,29,34,29,29,24,28,31,34,27,34,39,27
5043,40,23,37,37,29,34,29,29,24,28,31,34,27,34,31.66666667
5044,31,40,23,37,37,29,34,29,29,24,28,31,34,27,28
5045,31,31,40,23,37,37,29,34,29,29,24,28,31,34,31.33333333
5046,23,31,31,40,23,37,37,29,34,29,29,24,28,31,35
5047,25,23,31,31,40,23,37,37,29,34,29,29,24,28,34.33333333
5048,29,25,23,31,31,40,23,37,37,29,34,29,29,24,37
5049,32,29,25,23,31,31,40,23,37,37,29,34,29,29,34
5050,30,32,29,25,23,31,31,40,23,37,37,29,34,29,34.66666667
5051,38,30,32,29,25,23,31,31,40,23,37,37,29,34,39.33333333
5052,44,38,30,32,29,25,23,31,31,40,23,37,37,29,37.33333333
5053,37,44,38,30,32,29,25,23,31,31,40,23,37,37,25.33333333
5054,36,37,44,38,30,32,29,25,23,31,31,40,23,37,35.66666667
5055,37,36,37,44,38,30,32,29,25,23,31,31,40,23,32.33333333
5056,44,37,36,37,44,38,30,32,29,25,23,31,31,40,35.66666667
5057,36,44,37,36,37,44,38,30,32,29,25,23,31,31,30.33333333
5058,35,36,44,37,36,37,44,38,30,32,29,25,23,31,32.66666667
5059,40,35,36,44,37,36,37,44,38,30,32,29,25,23,40.66666667
5060,30,40,35,36,44,37,36,37,44,38,30,32,29,25,37
5061,36,30,40,35,36,44,37,36,37,44,38,30,32,29,35.66666667
5062,37,36,30,40,35,36,44,37,36,37,44,38,30,32,37.33333333
5063,42,37,36,30,40,35,36,44,37,36,37,44,38,30,38.33333333
5064,33,42,37,36,30,40,35,36,44,37,36,37,44,38,41
5065,39,33,42,37,36,30,40,35,36,44,37,36,37,44,40
5066,35,39,33,42,37,36,30,40,35,36,44,37,36,37,38.33333333
5067,43,35,39,33,42,37,36,30,40,35,36,44,37,36,39
5068,41,43,35,39,33,42,37,36,30,40,35,36,44,37,37.66666667
5069,47,41,43,35,39,33,42,37,36,30,40,35,36,44,28.66666667
5070,35,47,41,43,35,39,33,42,37,36,30,40,35,36,44.33333333
5071,40,35,47,41,43,35,39,33,42,37,36,30,40,35,42.33333333
5072,50,40,35,47,41,43,35,39,33,42,37,36,30,40,37.33333333
5073,38,50,40,35,47,41,43,35,39,33,42,37,36,30,38
5074,36,38,50,40,35,47,41,43,35,39,33,42,37,36,44.66666667
5075,49,36,38,50,40,35,47,41,43,35,39,33,42,37,38.33333333
5076,39,49,36,38,50,40,35,47,41,43,35,39,33,42,40
5077,37,39,49,36,38,50,40,35,47,41,43,35,39,33,37.33333333
5078,47,37,39,49,36,38,50,40,35,47,41,43,35,39,45
5079,48,47,37,39,49,36,38,50,40,35,47,41,43,35,41.66666667
5080,39,48,47,37,39,49,36,38,50,40,35,47,41,43,44
5081,45,39,48,47,37,39,49,36,38,50,40,35,47,41,41.33333333
5082,53,45,39,48,47,37,39,49,36,38,50,40,35,47,44.33333333
5083,58,53,45,39,48,47,37,39,49,36,38,50,40,35,43.33333333
5084,57,58,53,45,39,48,47,37,39,49,36,38,50,40,48.33333333
5085,39,57,58,53,45,39,48,47,37,39,49,36,38,50,47
5086,61,39,57,58,53,45,39,48,47,37,39,49,36,38,46
5087,53,61,39,57,58,53,45,39,48,47,37,39,49,36,45
5088,59,53,61,39,57,58,53,45,39,48,47,37,39,49,60
5089,44,59,53,61,39,57,58,53,45,39,48,47,37,39,47.33333333
5090,58,44,59,53,61,39,57,58,53,45,39,48,47,37,59.33333333
5091,57,58,44,59,53,61,39,57,58,53,45,39,48,47,56.33333333
5092,54,57,58,44,59,53,61,39,57,58,53,45,39,48,62.66666667
5093,54,54,57,58,44,59,53,61,39,57,58,53,45,39,54
5094,48,54,54,57,58,44,59,53,61,39,57,58,53,45,64.66666667
5095,53,48,54,54,57,58,44,59,53,61,39,57,58,53,60
5096,65,53,48,54,54,57,58,44,59,53,61,39,57,58,55
5097,68,65,53,48,54,54,57,58,44,59,53,61,39,57,55.66666667
5098,53,68,65,53,48,54,54,57,58,44,59,53,61,39,59
5099,59,53,68,65,53,48,54,54,57,58,44,59,53,61,57
5100,45,59,53,68,65,53,48,54,54,57,58,44,59,53,42.33333333
5101,75,45,59,53,68,65,53,48,54,54,57,58,44,59,45.66666667
5102,60,75,45,59,53,68,65,53,48,54,54,57,58,44,43.33333333
5103,46,60,75,45,59,53,68,65,53,48,54,54,57,58,45.33333333
5104,46,46,60,75,45,59,53,68,65,53,48,54,54,57,33.33333333
5105,51,46,46,60,75,45,59,53,68,65,53,48,54,54,44
5106,55,51,46,46,60,75,45,59,53,68,65,53,48,54,41.33333333
5107,40,55,51,46,46,60,75,45,59,53,68,65,53,48,43.33333333
5108,60,40,55,51,46,46,60,75,45,59,53,68,65,53,53
5109,61,60,40,55,51,46,46,60,75,45,59,53,68,65,41.66666667
5110,59,61,60,40,55,51,46,46,60,75,45,59,53,68,45.33333333
5111,54,59,61,60,40,55,51,46,46,60,75,45,59,53,45.33333333
5112,45,54,59,61,60,40,55,51,46,46,60,75,45,59,47
5113,58,45,54,59,61,60,40,55,51,46,46,60,75,45,47
5114,38,58,45,54,59,61,60,40,55,51,46,46,60,75,46
5115,37,38,58,45,54,59,61,60,40,55,51,46,46,60,41.66666667
5116,39,37,38,58,45,54,59,61,60,40,55,51,46,46,44.33333333
5117,35,39,37,38,58,45,54,59,61,60,40,55,51,46,41.66666667
5118,34,35,39,37,38,58,45,54,59,61,60,40,55,51,34
5119,30,34,35,39,37,38,58,45,54,59,61,60,40,55,31.33333333
5120,45,30,34,35,39,37,38,58,45,54,59,61,60,40,29
5121,25,45,30,34,35,39,37,38,58,45,54,59,61,60,38.33333333
5122,38,25,45,30,34,35,39,37,38,58,45,54,59,61,29.66666667
5123,22,38,25,45,30,34,35,39,37,38,58,45,54,59,25.33333333
5124,27,22,38,25,45,30,34,35,39,37,38,58,45,54,27.66666667
5125,29,27,22,38,25,45,30,34,35,39,37,38,58,45,28
5126,23,29,27,22,38,25,45,30,34,35,39,37,38,58,25
5127,29,23,29,27,22,38,25,45,30,34,35,39,37,38,23.66666667
5128,20,29,23,29,27,22,38,25,45,30,34,35,39,37,22.66666667
5129,24,20,29,23,29,27,22,38,25,45,30,34,35,39,18.66666667
5130,19,24,20,29,23,29,27,22,38,25,45,30,34,35,16.33333333
5131,19,19,24,20,29,23,29,27,22,38,25,45,30,34,23
5132,19,19,19,24,20,29,23,29,27,22,38,25,45,30,14.66666667
5133,26,19,19,19,24,20,29,23,29,27,22,38,25,45,18.66666667
5134,17,26,19,19,19,24,20,29,23,29,27,22,38,25,25.66666667
5135,23,17,26,19,19,19,24,20,29,23,29,27,22,38,25.66666667
5136,17,23,17,26,19,19,19,24,20,29,23,29,27,22,21
5137,23,17,23,17,26,19,19,19,24,20,29,23,29,27,16.33333333
5138,22,23,17,23,17,26,19,19,19,24,20,29,23,29,22
5139,15,22,23,17,23,17,26,19,19,19,24,20,29,23,19.33333333
5140,21,15,22,23,17,23,17,26,19,19,19,24,20,29,16
5141,20,21,15,22,23,17,23,17,26,19,19,19,24,20,16.66666667
5142,16,20,21,15,22,23,17,23,17,26,19,19,19,24,18
5143,17,16,20,21,15,22,23,17,23,17,26,19,19,19,21
5144,12,17,16,20,21,15,22,23,17,23,17,26,19,19,17.33333333
5145,10,12,17,16,20,21,15,22,23,17,23,17,26,19,18
5146,12,10,12,17,16,20,21,15,22,23,17,23,17,26,13.33333333
5147,17,12,10,12,17,16,20,21,15,22,23,17,23,17,16
5148,12,17,12,10,12,17,16,20,21,15,22,23,17,23,14.66666667
5149,17,12,17,12,10,12,17,16,20,21,15,22,23,17,10.66666667
5150,13,17,12,17,12,10,12,17,16,20,21,15,22,23,10.33333333
5151,13,13,17,12,17,12,10,12,17,16,20,21,15,22,15
5152,16,13,13,17,12,17,12,10,12,17,16,20,21,15,13.66666667
5153,13,16,13,13,17,12,17,12,10,12,17,16,20,21,12
5154,17,13,16,13,13,17,12,17,12,10,12,17,16,20,11.66666667
5155,10,17,13,16,13,13,17,12,17,12,10,12,17,16,8.333333333
5156,11,10,17,13,16,13,13,17,12,17,12,10,12,17,9.666666667
5157,11,11,10,17,13,16,13,13,17,12,17,12,10,12,14.33333333
5158,9,11,11,10,17,13,16,13,13,17,12,17,12,10,9.666666667
5159,5,9,11,11,10,17,13,16,13,13,17,12,17,12,9
5160,5,5,9,11,11,10,17,13,16,13,13,17,12,17,11.33333333
5161,11,5,5,9,11,11,10,17,13,16,13,13,17,12,8
5162,10,11,5,5,9,11,11,10,17,13,16,13,13,17,7.333333333
5163,12,10,11,5,5,9,11,11,10,17,13,16,13,13,7.666666667
5164,11,12,10,11,5,5,9,11,11,10,17,13,16,13,10.66666667
5165,9,11,12,10,11,5,5,9,11,11,10,17,13,16,9.333333333
5166,7,9,11,12,10,11,5,5,9,11,11,10,17,13,7.333333333
5167,7,7,9,11,12,10,11,5,5,9,11,11,10,17,6.666666667
5168,6,7,7,9,11,12,10,11,5,5,9,11,11,10,7
5169,7,6,7,7,9,11,12,10,11,5,5,9,11,11,8.666666667
5170,7,7,6,7,7,9,11,12,10,11,5,5,9,11,7.333333333
5171,4,7,7,6,7,7,9,11,12,10,11,5,5,9,5.333333333
5172,0,4,7,7,6,7,7,9,11,12,10,11,5,5,5.333333333
5173,4,0,4,7,7,6,7,7,9,11,12,10,11,5,5
5174,7,4,0,4,7,7,6,7,7,9,11,12,10,11,4.666666667
5175,3,7,4,0,4,7,7,6,7,7,9,11,12,10,5
5176,8,3,7,4,0,4,7,7,6,7,7,9,11,12,5
5177,5,8,3,7,4,0,4,7,7,6,7,7,9,11,5.333333333
5178,4,5,8,3,7,4,0,4,7,7,6,7,7,9,5
5179,1,4,5,8,3,7,4,0,4,7,7,6,7,7,5
5180,4,1,4,5,8,3,7,4,0,4,7,7,6,7,3.333333333
5181,4,4,1,4,5,8,3,7,4,0,4,7,7,6,3.333333333
5182,3,4,4,1,4,5,8,3,7,4,0,4,7,7,3.333333333
5183,3,3,4,4,1,4,5,8,3,7,4,0,4,7,4.333333333
5184,1,3,3,4,4,1,4,5,8,3,7,4,0,4,3
5185,3,1,3,3,4,4,1,4,5,8,3,7,4,0,1.333333333
5186,5,3,1,3,3,4,4,1,4,5,8,3,7,4,3
5187,3,5,3,1,3,3,4,4,1,4,5,8,3,7,2.666666667
5188,4,3,5,3,1,3,3,4,4,1,4,5,8,3,3
5189,3,4,3,5,3,1,3,3,4,4,1,4,5,8,1.666666667
5190,2,3,4,3,5,3,1,3,3,4,4,1,4,5,3.666666667
5191,6,2,3,4,3,5,3,1,3,3,4,4,1,4,2.666666667
5192,2,6,2,3,4,3,5,3,1,3,3,4,4,1,3.666666667
5193,2,2,6,2,3,4,3,5,3,1,3,3,4,4,1.333333333
5194,4,2,2,6,2,3,4,3,5,3,1,3,3,4,4
5195,1,4,2,2,6,2,3,4,3,5,3,1,3,3,4
5196,2,1,4,2,2,6,2,3,4,3,5,3,1,3,5
5197,1,2,1,4,2,2,6,2,3,4,3,5,3,1,2
5198,6,1,2,1,4,2,2,6,2,3,4,3,5,3,2.666666667
5199,4,6,1,2,1,4,2,2,6,2,3,4,3,5,1.333333333
5200,5,4,6,1,2,1,4,2,2,6,2,3,4,3,3.333333333
5201,1,5,4,6,1,2,1,4,2,2,6,2,3,4,2.333333333
5202,2,1,5,4,6,1,2,1,4,2,2,6,2,3,2
5203,4,2,1,5,4,6,1,2,1,4,2,2,6,2,1
5204,1,4,2,1,5,4,6,1,2,1,4,2,2,6,1.333333333
5205,1,1,4,2,1,5,4,6,1,2,1,4,2,2,3.333333333
5206,6,1,1,4,2,1,5,4,6,1,2,1,4,2,2.666666667
5207,2,6,1,1,4,2,1,5,4,6,1,2,1,4,0.666666667
5208,2,2,6,1,1,4,2,1,5,4,6,1,2,1,1.333333333
5209,1,2,2,6,1,1,4,2,1,5,4,6,1,2,2.333333333
5210,0,1,2,2,6,1,1,4,2,1,5,4,6,1,1.666666667
5211,1,0,1,2,2,6,1,1,4,2,1,5,4,6,1.333333333
5212,2,1,0,1,2,2,6,1,1,4,2,1,5,4,1.666666667
5213,0,2,1,0,1,2,2,6,1,1,4,2,1,5,1
5214,3,0,2,1,0,1,2,2,6,1,1,4,2,1,0.666666667
5215,4,3,0,2,1,0,1,2,2,6,1,1,4,2,0.666666667
5216,0,4,3,0,2,1,0,1,2,2,6,1,1,4,0.333333333
5217,1,0,4,3,0,2,1,0,1,2,2,6,1,1,0.666666667
5218,3,1,0,4,3,0,2,1,0,1,2,2,6,1,0.666666667
5219,2,3,1,0,4,3,0,2,1,0,1,2,2,6,2.333333333
5220,3,2,3,1,0,4,3,0,2,1,0,1,2,2,2
5221,1,3,2,3,1,0,4,3,0,2,1,0,1,2,2
5222,0,1,3,2,3,1,0,4,3,0,2,1,0,1,0
5223,2,0,1,3,2,3,1,0,4,3,0,2,1,0,0.333333333
5224,3,2,0,1,3,2,3,1,0,4,3,0,2,1,1
5225,3,3,2,0,1,3,2,3,1,0,4,3,0,2,2.333333333
5226,0,3,3,2,0,1,3,2,3,1,0,4,3,0,2.333333333
5227,4,0,3,3,2,0,1,3,2,3,1,0,4,3,1.666666667
5228,1,4,0,3,3,2,0,1,3,2,3,1,0,4,2
5229,2,1,4,0,3,3,2,0,1,3,2,3,1,0,2
5230,1,2,1,4,0,3,3,2,0,1,3,2,3,1,1
5231,0,1,2,1,4,0,3,3,2,0,1,3,2,3,1.333333333
5232,1,0,1,2,1,4,0,3,3,2,0,1,3,2,1.333333333
5233,1,1,0,1,2,1,4,0,3,3,2,0,1,3,1.333333333
5234,2,1,1,0,1,2,1,4,0,3,3,2,0,1,2
5235,2,2,1,1,0,1,2,1,4,0,3,3,2,0,1.333333333
5236,3,2,2,1,1,0,1,2,1,4,0,3,3,2,1.666666667
5237,1,3,2,2,1,1,0,1,2,1,4,0,3,3,1.666666667
5238,3,1,3,2,2,1,1,0,1,2,1,4,0,3,2.333333333
5239,4,3,1,3,2,2,1,1,0,1,2,1,4,0,2
5240,0,4,3,1,3,2,2,1,1,0,1,2,1,4,2.666666667
5241,6,0,4,3,1,3,2,2,1,1,0,1,2,1,3.333333333
5242,4,6,0,4,3,1,3,2,2,1,1,0,1,2,2.666666667
5243,1,4,6,0,4,3,1,3,2,2,1,1,0,1,3.666666667
5244,5,1,4,6,0,4,3,1,3,2,2,1,1,0,2.333333333
5245,5,5,1,4,6,0,4,3,1,3,2,2,1,1,5.333333333
5246,3,5,5,1,4,6,0,4,3,1,3,2,2,1,3
5247,5,3,5,5,1,4,6,0,4,3,1,3,2,2,4.333333333
5248,7,5,3,5,5,1,4,6,0,4,3,1,3,2,4.666666667
5249,3,7,5,3,5,5,1,4,6,0,4,3,1,3,5
5250,9,3,7,5,3,5,5,1,4,6,0,4,3,1,5.333333333
5251,6,9,3,7,5,3,5,5,1,4,6,0,4,3,6.666666667
5252,6,6,9,3,7,5,3,5,5,1,4,6,0,4,8.333333333
5253,9,6,6,9,3,7,5,3,5,5,1,4,6,0,5.666666667
5254,13,9,6,6,9,3,7,5,3,5,5,1,4,6,7.333333333
5255,8,13,9,6,6,9,3,7,5,3,5,5,1,4,10.33333333
5256,16,8,13,9,6,6,9,3,7,5,3,5,5,1,13
5257,15,16,8,13,9,6,6,9,3,7,5,3,5,5,13.33333333
5258,27,15,16,8,13,9,6,6,9,3,7,5,3,5,15.33333333
5259,25,27,15,16,8,13,9,6,6,9,3,7,5,3,21.33333333
5260,19,25,27,15,16,8,13,9,6,6,9,3,7,5,17.66666667
5261,39,19,25,27,15,16,8,13,9,6,6,9,3,7,32.33333333
5262,38,39,19,25,27,15,16,8,13,9,6,6,9,3,33
5263,36,38,39,19,25,27,15,16,8,13,9,6,6,9,30.33333333
5264,40,36,38,39,19,25,27,15,16,8,13,9,6,6,33.33333333
5265,39,40,36,38,39,19,25,27,15,16,8,13,9,6,43.33333333
5266,41,39,40,36,38,39,19,25,27,15,16,8,13,9,43
5267,28,41,39,40,36,38,39,19,25,27,15,16,8,13,34.66666667
5268,32,28,41,39,40,36,38,39,19,25,27,15,16,8,40
5269,41,32,28,41,39,40,36,38,39,19,25,27,15,16,44
5270,38,41,32,28,41,39,40,36,38,39,19,25,27,15,43.33333333
5271,50,38,41,32,28,41,39,40,36,38,39,19,25,27,49
5272,39,50,38,41,32,28,41,39,40,36,38,39,19,25,54.33333333
5273,47,39,50,38,41,32,28,41,39,40,36,38,39,19,63.33333333
5274,53,47,39,50,38,41,32,28,41,39,40,36,38,39,59.66666667
5275,53,53,47,39,50,38,41,32,28,41,39,40,36,38,62
5276,61,53,53,47,39,50,38,41,32,28,41,39,40,36,58
5277,59,61,53,53,47,39,50,38,41,32,28,41,39,40,74.66666667
5278,62,59,61,53,53,47,39,50,38,41,32,28,41,39,75.33333333
5279,75,62,59,61,53,53,47,39,50,38,41,32,28,41,64.66666667
5280,56,75,62,59,61,53,53,47,39,50,38,41,32,28,64
5281,64,56,75,62,59,61,53,53,47,39,50,38,41,32,73.33333333
5282,69,64,56,75,62,59,61,53,53,47,39,50,38,41,70.33333333
5283,48,69,64,56,75,62,59,61,53,53,47,39,50,38,58.33333333
5284,57,48,69,64,56,75,62,59,61,53,53,47,39,50,47.33333333
5285,65,57,48,69,64,56,75,62,59,61,53,53,47,39,62.66666667
5286,54,65,57,48,69,64,56,75,62,59,61,53,53,47,53.66666667
5287,57,54,65,57,48,69,64,56,75,62,59,61,53,53,57
5288,46,57,54,65,57,48,69,64,56,75,62,59,61,53,49
5289,52,46,57,54,65,57,48,69,64,56,75,62,59,61,55.66666667
5290,54,52,46,57,54,65,57,48,69,64,56,75,62,59,52.66666667
5291,41,54,52,46,57,54,65,57,48,69,64,56,75,62,53.33333333
5292,60,41,54,52,46,57,54,65,57,48,69,64,56,75,44
5293,39,60,41,54,52,46,57,54,65,57,48,69,64,56,49.33333333
5294,48,39,60,41,54,52,46,57,54,65,57,48,69,64,49.66666667
5295,41,48,39,60,41,54,52,46,57,54,65,57,48,69,50.33333333
5296,40,41,48,39,60,41,54,52,46,57,54,65,57,48,52.33333333
5297,42,40,41,48,39,60,41,54,52,46,57,54,65,57,53
5298,47,42,40,41,48,39,60,41,54,52,46,57,54,65,50.33333333
5299,44,47,42,40,41,48,39,60,41,54,52,46,57,54,49.33333333
5300,29,44,47,42,40,41,48,39,60,41,54,52,46,57,44
5301,44,29,44,47,42,40,41,48,39,60,41,54,52,46,45.33333333
5302,40,44,29,44,47,42,40,41,48,39,60,41,54,52,47.33333333
5303,36,40,44,29,44,47,42,40,41,48,39,60,41,54,41.66666667
5304,39,36,40,44,29,44,47,42,40,41,48,39,60,41,43.66666667
5305,52,39,36,40,44,29,44,47,42,40,41,48,39,60,43.33333333
5306,34,52,39,36,40,44,29,44,47,42,40,41,48,39,42.66666667
5307,64,34,52,39,36,40,44,29,44,47,42,40,41,48,39.66666667
5308,43,64,34,52,39,36,40,44,29,44,47,42,40,41,45
5309,52,43,64,34,52,39,36,40,44,29,44,47,42,40,34.66666667
5310,51,52,43,64,34,52,39,36,40,44,29,44,47,42,42
5311,51,51,52,43,64,34,52,39,36,40,44,29,44,47,36.33333333
5312,48,51,51,52,43,64,34,52,39,36,40,44,29,44,44.66666667
5313,43,48,51,51,52,43,64,34,52,39,36,40,44,29,41
5314,45,43,48,51,51,52,43,64,34,52,39,36,40,44,39.66666667
5315,39,45,43,48,51,51,52,43,64,34,52,39,36,40,44.33333333
5316,40,39,45,43,48,51,51,52,43,64,34,52,39,36,35.33333333
5317,39,40,39,45,43,48,51,51,52,43,64,34,52,39,35.66666667
5318,38,39,40,39,45,43,48,51,51,52,43,64,34,52,35.66666667
5319,44,38,39,40,39,45,43,48,51,51,52,43,64,34,32.33333333
5320,38,44,38,39,40,39,45,43,48,51,51,52,43,64,31.33333333
5321,30,38,44,38,39,40,39,45,43,48,51,51,52,43,40.33333333
5322,30,30,38,44,38,39,40,39,45,43,48,51,51,52,35.66666667
5323,41,30,30,38,44,38,39,40,39,45,43,48,51,51,36.33333333
5324,29,41,30,30,38,44,38,39,40,39,45,43,48,51,31
5325,40,29,41,30,30,38,44,38,39,40,39,45,43,48,28.33333333
5326,32,40,29,41,30,30,38,44,38,39,40,39,45,43,30.66666667
5327,27,32,40,29,41,30,30,38,44,38,39,40,39,45,36.66666667
5328,30,27,32,40,29,41,30,30,38,44,38,39,40,39,41.33333333
5329,50,30,27,32,40,29,41,30,30,38,44,38,39,40,40.33333333
5330,35,50,30,27,32,40,29,41,30,30,38,44,38,39,29.33333333
5331,36,35,50,30,27,32,40,29,41,30,30,38,44,38,28
5332,32,36,35,50,30,27,32,40,29,41,30,30,38,44,31.33333333
5333,37,32,36,35,50,30,27,32,40,29,41,30,30,38,30.33333333
5334,38,37,32,36,35,50,30,27,32,40,29,41,30,30,34
5335,28,38,37,32,36,35,50,30,27,32,40,29,41,30,32.66666667
5336,40,28,38,37,32,36,35,50,30,27,32,40,29,41,34
5337,29,40,28,38,37,32,36,35,50,30,27,32,40,29,33
5338,32,29,40,28,38,37,32,36,35,50,30,27,32,40,32.66666667
5339,37,32,29,40,28,38,37,32,36,35,50,30,27,32,38.66666667
5340,26,37,32,29,40,28,38,37,32,36,35,50,30,27,34.66666667
5341,46,26,37,32,29,40,28,38,37,32,36,35,50,30,32.66666667
5342,29,46,26,37,32,29,40,28,38,37,32,36,35,50,39
5343,41,29,46,26,37,32,29,40,28,38,37,32,36,35,32.33333333
5344,44,41,29,46,26,37,32,29,40,28,38,37,32,36,36
5345,36,44,41,29,46,26,37,32,29,40,28,38,37,32,35
5346,35,36,44,41,29,46,26,37,32,29,40,28,38,37,35.33333333
5347,41,35,36,44,41,29,46,26,37,32,29,40,28,38,41
5348,27,41,35,36,44,41,29,46,26,37,32,29,40,28,39.66666667
5349,45,27,41,35,36,44,41,29,46,26,37,32,29,40,33.33333333
5350,36,45,27,41,35,36,44,41,29,46,26,37,32,29,37.66666667
5351,46,36,45,27,41,35,36,44,41,29,46,26,37,32,39.66666667
5352,46,46,36,45,27,41,35,36,44,41,29,46,26,37,40.66666667
5353,35,46,46,36,45,27,41,35,36,44,41,29,46,26,41
5354,54,35,46,46,36,45,27,41,35,36,44,41,29,46,39.66666667
5355,46,54,35,46,46,36,45,27,41,35,36,44,41,29,39
5356,45,46,54,35,46,46,36,45,27,41,35,36,44,41,41
5357,51,45,46,54,35,46,46,36,45,27,41,35,36,44,33
5358,45,51,45,46,54,35,46,46,36,45,27,41,35,36,44.66666667
5359,36,45,51,45,46,54,35,46,46,36,45,27,41,35,38.33333333
5360,32,36,45,51,45,46,54,35,46,46,36,45,27,41,40.66666667
5361,48,32,36,45,51,45,46,54,35,46,46,36,45,27,41.33333333
5362,45,48,32,36,45,51,45,46,54,35,46,46,36,45,43
5363,34,45,48,32,36,45,51,45,46,54,35,46,46,36,35.33333333
5364,41,34,45,48,32,36,45,51,45,46,54,35,46,46,44.66666667
5365,57,41,34,45,48,32,36,45,51,45,46,54,35,46,38.33333333
5366,36,57,41,34,45,48,32,36,45,51,45,46,54,35,44.66666667
5367,43,36,57,41,34,45,48,32,36,45,51,45,46,54,43.66666667
5368,38,43,36,57,41,34,45,48,32,36,45,51,45,46,44.66666667
5369,43,38,43,36,57,41,34,45,48,32,36,45,51,45,43
5370,57,43,38,43,36,57,41,34,45,48,32,36,45,51,44.66666667
5371,49,57,43,38,43,36,57,41,34,45,48,32,36,45,47.33333333
5372,54,49,57,43,38,43,36,57,41,34,45,48,32,36,51.66666667
5373,49,54,49,57,43,38,43,36,57,41,34,45,48,32,49
5374,46,49,54,49,57,43,38,43,36,57,41,34,45,48,43.66666667
5375,62,46,49,54,49,57,43,38,43,36,57,41,34,45,49.66666667
5376,49,62,46,49,54,49,57,43,38,43,36,57,41,34,55.66666667
5377,59,49,62,46,49,54,49,57,43,38,43,36,57,41,57
5378,53,59,49,62,46,49,54,49,57,43,38,43,36,57,57.33333333
5379,68,53,59,49,62,46,49,54,49,57,43,38,43,36,54.66666667
5380,45,68,53,59,49,62,46,49,54,49,57,43,38,43,63.33333333
5381,77,45,68,53,59,49,62,46,49,54,49,57,43,38,50.66666667
5382,66,77,45,68,53,59,49,62,46,49,54,49,57,43,60.66666667
5383,60,66,77,45,68,53,59,49,62,46,49,54,49,57,56
5384,68,60,66,77,45,68,53,59,49,62,46,49,54,49,56
5385,58,68,60,66,77,45,68,53,59,49,62,46,49,54,59.66666667
5386,62,58,68,60,66,77,45,68,53,59,49,62,46,49,62.33333333
5387,54,62,58,68,60,66,77,45,68,53,59,49,62,46,55.66666667
5388,38,54,62,58,68,60,66,77,45,68,53,59,49,62,49
5389,48,38,54,62,58,68,60,66,77,45,68,53,59,49,50
5390,43,48,38,54,62,58,68,60,66,77,45,68,53,59,59.66666667
5391,36,43,48,38,54,62,58,68,60,66,77,45,68,53,56.33333333
5392,45,36,43,48,38,54,62,58,68,60,66,77,45,68,40
5393,34,45,36,43,48,38,54,62,58,68,60,66,77,45,42
5394,39,34,45,36,43,48,38,54,62,58,68,60,66,77,48
5395,35,39,34,45,36,43,48,38,54,62,58,68,60,66,44.33333333
5396,42,35,39,34,45,36,43,48,38,54,62,58,68,60,42.66666667
5397,33,42,35,39,34,45,36,43,48,38,54,62,58,68,47.33333333
5398,45,33,42,35,39,34,45,36,43,48,38,54,62,58,45.66666667
5399,49,45,33,42,35,39,34,45,36,43,48,38,54,62,48
5400,46,49,45,33,42,35,39,34,45,36,43,48,38,54,48
5401,40,46,49,45,33,42,35,39,34,45,36,43,48,38,45.33333333
5402,52,40,46,49,45,33,42,35,39,34,45,36,43,48,51
5403,47,52,40,46,49,45,33,42,35,39,34,45,36,43,39
5404,29,47,52,40,46,49,45,33,42,35,39,34,45,36,41.33333333
5405,39,29,47,52,40,46,49,45,33,42,35,39,34,45,38.33333333
5406,37,39,29,47,52,40,46,49,45,33,42,35,39,34,33.66666667
5407,44,37,39,29,47,52,40,46,49,45,33,42,35,39,33.33333333
5408,29,44,37,39,29,47,52,40,46,49,45,33,42,35,30.66666667
5409,34,29,44,37,39,29,47,52,40,46,49,45,33,42,43.66666667
5410,29,34,29,44,37,39,29,47,52,40,46,49,45,33,29.66666667
5411,26,29,34,29,44,37,39,29,47,52,40,46,49,45,30.33333333
5412,24,26,29,34,29,44,37,39,29,47,52,40,46,49,26.33333333
5413,18,24,26,29,34,29,44,37,39,29,47,52,40,46,26.66666667
5414,25,18,24,26,29,34,29,44,37,39,29,47,52,40,26.33333333
5415,20,25,18,24,26,29,34,29,44,37,39,29,47,52,25.66666667
5416,24,20,25,18,24,26,29,34,29,44,37,39,29,47,25.33333333
5417,30,24,20,25,18,24,26,29,34,29,44,37,39,29,19.33333333
5418,21,30,24,20,25,18,24,26,29,34,29,44,37,39,19
5419,19,21,30,24,20,25,18,24,26,29,34,29,44,37,21
5420,22,19,21,30,24,20,25,18,24,26,29,34,29,44,17.66666667
5421,16,22,19,21,30,24,20,25,18,24,26,29,34,29,17.66666667
5422,22,16,22,19,21,30,24,20,25,18,24,26,29,34,26
5423,20,22,16,22,19,21,30,24,20,25,18,24,26,29,23
5424,18,20,22,16,22,19,21,30,24,20,25,18,24,26,20.33333333
5425,20,18,20,22,16,22,19,21,30,24,20,25,18,24,17
5426,15,20,18,20,22,16,22,19,21,30,24,20,25,18,21
5427,22,15,20,18,20,22,16,22,19,21,30,24,20,25,21.66666667
5428,19,22,15,20,18,20,22,16,22,19,21,30,24,20,14.33333333
5429,19,19,22,15,20,18,20,22,16,22,19,21,30,24,20.66666667
5430,18,19,19,22,15,20,18,20,22,16,22,19,21,30,20.33333333
5431,16,18,19,19,22,15,20,18,20,22,16,22,19,21,19.33333333
5432,11,16,18,19,19,22,15,20,18,20,22,16,22,19,17.66666667
5433,21,11,16,18,19,19,22,15,20,18,20,22,16,22,17.33333333
5434,15,21,11,16,18,19,19,22,15,20,18,20,22,16,12
5435,17,15,21,11,16,18,19,19,22,15,20,18,20,22,13.33333333
5436,20,17,15,21,11,16,18,19,19,22,15,20,18,20,16
5437,12,20,17,15,21,11,16,18,19,19,22,15,20,18,12.66666667
5438,14,12,20,17,15,21,11,16,18,19,19,22,15,20,11
5439,17,14,12,20,17,15,21,11,16,18,19,19,22,15,13.66666667
5440,10,17,14,12,20,17,15,21,11,16,18,19,19,22,13.33333333
5441,17,10,17,14,12,20,17,15,21,11,16,18,19,19,12.66666667
5442,13,17,10,17,14,12,20,17,15,21,11,16,18,19,13.33333333
5443,6,13,17,10,17,14,12,20,17,15,21,11,16,18,11.33333333
5444,8,6,13,17,10,17,14,12,20,17,15,21,11,16,11
5445,7,8,6,13,17,10,17,14,12,20,17,15,21,11,11.33333333
5446,10,7,8,6,13,17,10,17,14,12,20,17,15,21,10
5447,11,10,7,8,6,13,17,10,17,14,12,20,17,15,10.66666667
5448,4,11,10,7,8,6,13,17,10,17,14,12,20,17,9.333333333
5449,9,4,11,10,7,8,6,13,17,10,17,14,12,20,7.666666667
5450,6,9,4,11,10,7,8,6,13,17,10,17,14,12,9.333333333
5451,8,6,9,4,11,10,7,8,6,13,17,10,17,14,7.666666667
5452,14,8,6,9,4,11,10,7,8,6,13,17,10,17,11.66666667
5453,7,14,8,6,9,4,11,10,7,8,6,13,17,10,10.33333333
5454,8,7,14,8,6,9,4,11,10,7,8,6,13,17,9
5455,13,8,7,14,8,6,9,4,11,10,7,8,6,13,6.666666667
5456,11,13,8,7,14,8,6,9,4,11,10,7,8,6,7.666666667
5457,8,11,13,8,7,14,8,6,9,4,11,10,7,8,9
5458,5,8,11,13,8,7,14,8,6,9,4,11,10,7,8.333333333
5459,12,5,8,11,13,8,7,14,8,6,9,4,11,10,5.333333333
5460,4,12,5,8,11,13,8,7,14,8,6,9,4,11,3
5461,4,4,12,5,8,11,13,8,7,14,8,6,9,4,3.666666667
5462,2,4,4,12,5,8,11,13,8,7,14,8,6,9,4.333333333
5463,5,2,4,4,12,5,8,11,13,8,7,14,8,6,6.333333333
5464,9,5,2,4,4,12,5,8,11,13,8,7,14,8,5
5465,7,9,5,2,4,4,12,5,8,11,13,8,7,14,6.333333333
5466,6,7,9,5,2,4,4,12,5,8,11,13,8,7,5.333333333
5467,6,6,7,9,5,2,4,4,12,5,8,11,13,8,4.333333333
5468,8,6,6,7,9,5,2,4,4,12,5,8,11,13,2.666666667
5469,5,8,6,6,7,9,5,2,4,4,12,5,8,11,3.666666667
5470,2,5,8,6,6,7,9,5,2,4,4,12,5,8,4
5471,7,2,5,8,6,6,7,9,5,2,4,4,12,5,4.666666667
5472,5,7,2,5,8,6,6,7,9,5,2,4,4,12,3.666666667
5473,3,5,7,2,5,8,6,6,7,9,5,2,4,4,1.666666667
5474,3,3,5,7,2,5,8,6,6,7,9,5,2,4,3.666666667
5475,3,3,3,5,7,2,5,8,6,6,7,9,5,2,3.333333333
5476,2,3,3,3,5,7,2,5,8,6,6,7,9,5,2.666666667
5477,6,2,3,3,3,5,7,2,5,8,6,6,7,9,2.333333333
5478,6,6,2,3,3,3,5,7,2,5,8,6,6,7,3.666666667
5479,5,6,6,2,3,3,3,5,7,2,5,8,6,6,2
5480,3,5,6,6,2,3,3,3,5,7,2,5,8,6,5
5481,5,3,5,6,6,2,3,3,3,5,7,2,5,8,2
5482,2,5,3,5,6,6,2,3,3,3,5,7,2,5,3.333333333
5483,3,2,5,3,5,6,6,2,3,3,3,5,7,2,3.666666667
5484,2,3,2,5,3,5,6,6,2,3,3,3,5,7,3.333333333
5485,1,2,3,2,5,3,5,6,6,2,3,3,3,5,2.333333333
5486,2,1,2,3,2,5,3,5,6,6,2,3,3,3,2.666666667
5487,6,2,1,2,3,2,5,3,5,6,6,2,3,3,3.333333333
5488,2,6,2,1,2,3,2,5,3,5,6,6,2,3,3
5489,4,2,6,2,1,2,3,2,5,3,5,6,6,2,3.333333333
5490,3,4,2,6,2,1,2,3,2,5,3,5,6,6,1.666666667
5491,2,3,4,2,6,2,1,2,3,2,5,3,5,6,1.333333333
5492,4,2,3,4,2,6,2,1,2,3,2,5,3,5,1.666666667
5493,1,4,2,3,4,2,6,2,1,2,3,2,5,3,3.333333333
5494,1,1,4,2,3,4,2,6,2,1,2,3,2,5,2.333333333
5495,6,1,1,4,2,3,4,2,6,2,1,2,3,2,2.666666667
5496,1,6,1,1,4,2,3,4,2,6,2,1,2,3,2
5497,2,1,6,1,1,4,2,3,4,2,6,2,1,2,2.333333333
5498,4,2,1,6,1,1,4,2,3,4,2,6,2,1,1
5499,2,4,2,1,6,1,1,4,2,3,4,2,6,2,1.333333333
5500,7,2,4,2,1,6,1,1,4,2,3,4,2,6,1.333333333
5501,1,7,2,4,2,1,6,1,1,4,2,3,4,2,1.333333333
5502,3,1,7,2,4,2,1,6,1,1,4,2,3,4,0.666666667
5503,4,3,1,7,2,4,2,1,6,1,1,4,2,3,1.666666667
5504,1,4,3,1,7,2,4,2,1,6,1,1,4,2,1.666666667
5505,3,1,4,3,1,7,2,4,2,1,6,1,1,4,0.666666667
5506,4,3,1,4,3,1,7,2,4,2,1,6,1,1,0.666666667
5507,1,4,3,1,4,3,1,7,2,4,2,1,6,1,3
5508,1,1,4,3,1,4,3,1,7,2,4,2,1,6,2
5509,1,1,1,4,3,1,4,3,1,7,2,4,2,1,2.666666667
5510,0,1,1,1,4,3,1,4,3,1,7,2,4,2,0.333333333
5511,2,0,1,1,1,4,3,1,4,3,1,7,2,4,0.333333333
5512,1,2,0,1,1,1,4,3,1,4,3,1,7,2,1
5513,1,1,2,0,1,1,1,4,3,1,4,3,1,7,3
5514,1,1,1,2,0,1,1,1,4,3,1,4,3,1,2
5515,1,1,1,1,2,0,1,1,1,4,3,1,4,3,1.333333333
5516,6,1,1,1,1,2,0,1,1,1,4,3,1,4,3
5517,0,6,1,1,1,1,2,0,1,1,1,4,3,1,1.666666667
5518,2,0,6,1,1,1,1,2,0,1,1,1,4,3,1.333333333
5519,3,2,0,6,1,1,1,1,2,0,1,1,1,4,1
5520,1,3,2,0,6,1,1,1,1,2,0,1,1,1,1
5521,3,1,3,2,0,6,1,1,1,1,2,0,1,1,1.666666667
5522,3,3,1,3,2,0,6,1,1,1,1,2,0,1,1.333333333
5523,2,3,3,1,3,2,0,6,1,1,1,1,2,0,2
5524,2,2,3,3,1,3,2,0,6,1,1,1,1,2,1.333333333
5525,1,2,2,3,3,1,3,2,0,6,1,1,1,1,2.333333333
5526,0,1,2,2,3,3,1,3,2,0,6,1,1,1,2
5527,2,0,1,2,2,3,3,1,3,2,0,6,1,1,2.666666667
5528,2,2,0,1,2,2,3,3,1,3,2,0,6,1,2.333333333
5529,4,2,2,0,1,2,2,3,3,1,3,2,0,6,2.333333333
5530,4,4,2,2,0,1,2,2,3,3,1,3,2,0,3.333333333
5531,4,4,4,2,2,0,1,2,2,3,3,1,3,2,4
5532,5,4,4,4,2,2,0,1,2,2,3,3,1,3,1.333333333
5533,4,5,4,4,4,2,2,0,1,2,2,3,3,1,4.333333333
5534,7,4,5,4,4,4,2,2,0,1,2,2,3,3,4
5535,5,7,4,5,4,4,4,2,2,0,1,2,2,3,4
5536,7,5,7,4,5,4,4,4,2,2,0,1,2,2,5
5537,5,7,5,7,4,5,4,4,4,2,2,0,1,2,5.666666667
5538,2,5,7,5,7,4,5,4,4,4,2,2,0,1,5.333333333
5539,8,2,5,7,5,7,4,5,4,4,4,2,2,0,8
5540,7,8,2,5,7,5,7,4,5,4,4,4,2,2,7.666666667
5541,7,7,8,2,5,7,5,7,4,5,4,4,4,2,5.333333333
5542,4,7,7,8,2,5,7,5,7,4,5,4,4,4,8.333333333
5543,13,4,7,7,8,2,5,7,5,7,4,5,4,4,12.33333333
5544,7,13,4,7,7,8,2,5,7,5,7,4,5,4,11
5545,11,7,13,4,7,7,8,2,5,7,5,7,4,5,13.66666667
5546,8,11,7,13,4,7,7,8,2,5,7,5,7,4,13
5547,10,8,11,7,13,4,7,7,8,2,5,7,5,7,25
5548,15,10,8,11,7,13,4,7,7,8,2,5,7,5,20.66666667
5549,12,15,10,8,11,7,13,4,7,7,8,2,5,7,29.33333333
5550,11,12,15,10,8,11,7,13,4,7,7,8,2,5,34.66666667
5551,14,11,12,15,10,8,11,7,13,4,7,7,8,2,32
5552,13,14,11,12,15,10,8,11,7,13,4,7,7,8,34.33333333
5553,22,13,14,11,12,15,10,8,11,7,13,4,7,7,43.33333333
5554,16,22,13,14,11,12,15,10,8,11,7,13,4,7,42
5555,14,16,22,13,14,11,12,15,10,8,11,7,13,4,38.33333333
5556,18,14,16,22,13,14,11,12,15,10,8,11,7,13,37.66666667
5557,13,18,14,16,22,13,14,11,12,15,10,8,11,7,38
5558,21,13,18,14,16,22,13,14,11,12,15,10,8,11,44.66666667
5559,24,21,13,18,14,16,22,13,14,11,12,15,10,8,47
5560,25,24,21,13,18,14,16,22,13,14,11,12,15,10,52
5561,29,25,24,21,13,18,14,16,22,13,14,11,12,15,54.66666667
5562,35,29,25,24,21,13,18,14,16,22,13,14,11,12,53.66666667
5563,31,35,29,25,24,21,13,18,14,16,22,13,14,11,55.66666667
5564,52,31,35,29,25,24,21,13,18,14,16,22,13,14,53.66666667
5565,43,52,31,35,29,25,24,21,13,18,14,16,22,13,70.33333333
5566,37,43,52,31,35,29,25,24,21,13,18,14,16,22,72.66666667
5567,63,37,43,52,31,35,29,25,24,21,13,18,14,16,64
5568,57,63,37,43,52,31,35,29,25,24,21,13,18,14,67.33333333
5569,40,57,63,37,43,52,31,35,29,25,24,21,13,18,65.33333333
5570,54,40,57,63,37,43,52,31,35,29,25,24,21,13,70.33333333
5571,42,54,40,57,63,37,43,52,31,35,29,25,24,21,59
5572,54,42,54,40,57,63,37,43,52,31,35,29,25,24,45.66666667
5573,44,54,42,54,40,57,63,37,43,52,31,35,29,25,55
5574,44,44,54,42,54,40,57,63,37,43,52,31,35,29,58.66666667
5575,32,44,44,54,42,54,40,57,63,37,43,52,31,35,54.66666667
5576,48,32,44,44,54,42,54,40,57,63,37,43,52,31,52.66666667
5577,36,48,32,44,44,54,42,54,40,57,63,37,43,52,55.66666667
5578,64,36,48,32,44,44,54,42,54,40,57,63,37,43,50.33333333
5579,43,64,36,48,32,44,44,54,42,54,40,57,63,37,56
5580,63,43,64,36,48,32,44,44,54,42,54,40,57,63,38.66666667
5581,45,63,43,64,36,48,32,44,44,54,42,54,40,57,50.66666667
5582,51,45,63,43,64,36,48,32,44,44,54,42,54,40,43.33333333
5583,50,51,45,63,43,64,36,48,32,44,44,54,42,54,51.33333333
5584,56,50,51,45,63,43,64,36,48,32,44,44,54,42,51.66666667
5585,34,56,50,51,45,63,43,64,36,48,32,44,44,54,47.33333333
5586,39,34,56,50,51,45,63,43,64,36,48,32,44,44,45.66666667
5587,51,39,34,56,50,51,45,63,43,64,36,48,32,44,53.66666667
5588,69,51,39,34,56,50,51,45,63,43,64,36,48,32,41.33333333
5589,57,69,51,39,34,56,50,51,45,63,43,64,36,48,40
5590,56,57,69,51,39,34,56,50,51,45,63,43,64,36,49.66666667
5591,54,56,57,69,51,39,34,56,50,51,45,63,43,64,43
5592,52,54,56,57,69,51,39,34,56,50,51,45,63,43,39
5593,42,52,54,56,57,69,51,39,34,56,50,51,45,63,41.66666667
5594,44,42,52,54,56,57,69,51,39,34,56,50,51,45,45
5595,47,44,42,52,54,56,57,69,51,39,34,56,50,51,36
5596,40,47,44,42,52,54,56,57,69,51,39,34,56,50,52.66666667
5597,61,40,47,44,42,52,54,56,57,69,51,39,34,56,39
5598,42,61,40,47,44,42,52,54,56,57,69,51,39,34,48.66666667
5599,29,42,61,40,47,44,42,52,54,56,57,69,51,39,41.66666667
5600,35,29,42,61,40,47,44,42,52,54,56,57,69,51,52.33333333
5601,40,35,29,42,61,40,47,44,42,52,54,56,57,69,44
5602,34,40,35,29,42,61,40,47,44,42,52,54,56,57,40.66666667
5603,35,34,40,35,29,42,61,40,47,44,42,52,54,56,42.33333333
5604,37,35,34,40,35,29,42,61,40,47,44,42,52,54,38
5605,29,37,35,34,40,35,29,42,61,40,47,44,42,52,37.66666667
5606,45,29,37,35,34,40,35,29,42,61,40,47,44,42,38.33333333
5607,34,45,29,37,35,34,40,35,29,42,61,40,47,44,34.66666667
5608,36,34,45,29,37,35,34,40,35,29,42,61,40,47,36
5609,30,36,34,45,29,37,35,34,40,35,29,42,61,40,39.33333333
5610,29,30,36,34,45,29,37,35,34,40,35,29,42,61,32.66666667
5611,32,29,30,36,34,45,29,37,35,34,40,35,29,42,32
5612,31,32,29,30,36,34,45,29,37,35,34,40,35,29,30.33333333
5613,39,31,32,29,30,36,34,45,29,37,35,34,40,35,28.66666667
5614,29,39,31,32,29,30,36,34,45,29,37,35,34,40,35
5615,46,29,39,31,32,29,30,36,34,45,29,37,35,34,36.66666667
5616,33,46,29,39,31,32,29,30,36,34,45,29,37,35,34
5617,42,33,46,29,39,31,32,29,30,36,34,45,29,37,35.33333333
5618,36,42,33,46,29,39,31,32,29,30,36,34,45,29,37.66666667
5619,40,36,42,33,46,29,39,31,32,29,30,36,34,45,29.66666667
5620,40,40,36,42,33,46,29,39,31,32,29,30,36,34,34.66666667
5621,38,40,40,36,42,33,46,29,39,31,32,29,30,36,29.66666667
5622,40,38,40,40,36,42,33,46,29,39,31,32,29,30,36
5623,35,40,38,40,40,36,42,33,46,29,39,31,32,29,34
5624,34,35,40,38,40,40,36,42,33,46,29,39,31,32,31.33333333
5625,24,34,35,40,38,40,40,36,42,33,46,29,39,31,35.33333333
5626,37,24,34,35,40,38,40,40,36,42,33,46,29,39,30
5627,35,37,24,34,35,40,38,40,40,36,42,33,46,29,35
5628,34,35,37,24,34,35,40,38,40,40,36,42,33,46,37.33333333
5629,46,34,35,37,24,34,35,40,38,40,40,36,42,33,32.33333333
5630,41,46,34,35,37,24,34,35,40,38,40,40,36,42,41.66666667
5631,40,41,46,34,35,37,24,34,35,40,38,40,40,36,31
5632,38,40,41,46,34,35,37,24,34,35,40,38,40,40,40.33333333
5633,33,38,40,41,46,34,35,37,24,34,35,40,38,40,40.33333333
5634,33,33,38,40,41,46,34,35,37,24,34,35,40,38,35
5635,37,33,33,38,40,41,46,34,35,37,24,34,35,40,36.66666667
5636,20,37,33,33,38,40,41,46,34,35,37,24,34,35,42.66666667
5637,29,20,37,33,33,38,40,41,46,34,35,37,24,34,30.66666667
5638,37,29,20,37,33,33,38,40,41,46,34,35,37,24,38.33333333
5639,46,37,29,20,37,33,33,38,40,41,46,34,35,37,37.33333333
5640,42,46,37,29,20,37,33,33,38,40,41,46,34,35,43
5641,43,42,46,37,29,20,37,33,33,38,40,41,46,34,41.66666667
5642,35,43,42,46,37,29,20,37,33,33,38,40,41,46,36
5643,43,35,43,42,46,37,29,20,37,33,33,38,40,41,45
5644,47,43,35,43,42,46,37,29,20,37,33,33,38,40,45.33333333
5645,51,47,43,35,43,42,46,37,29,20,37,33,33,38,37.66666667
5646,37,51,47,43,35,43,42,46,37,29,20,37,33,33,46
5647,37,37,51,47,43,35,43,42,46,37,29,20,37,33,38.33333333
5648,41,37,37,51,47,43,35,43,42,46,37,29,20,37,38
5649,33,41,37,37,51,47,43,35,43,42,46,37,29,20,40.33333333
5650,39,33,41,37,37,51,47,43,35,43,42,46,37,29,43.66666667
5651,74,39,33,41,37,37,51,47,43,35,43,42,46,37,38
5652,41,74,39,33,41,37,37,51,47,43,35,43,42,46,40.66666667
5653,42,41,74,39,33,41,37,37,51,47,43,35,43,42,38.66666667
5654,52,42,41,74,39,33,41,37,37,51,47,43,35,43,48
5655,42,52,42,41,74,39,33,41,37,37,51,47,43,35,40.66666667
5656,32,42,52,42,41,74,39,33,41,37,37,51,47,43,42.66666667
5657,52,32,42,52,42,41,74,39,33,41,37,37,51,47,40.33333333
5658,37,52,32,42,52,42,41,74,39,33,41,37,37,51,43.33333333
5659,45,37,52,32,42,52,42,41,74,39,33,41,37,37,51.66666667
5660,45,45,37,52,32,42,52,42,41,74,39,33,41,37,50.33333333
5661,42,45,45,37,52,32,42,52,42,41,74,39,33,41,50.33333333
5662,38,42,45,45,37,52,32,42,52,42,41,74,39,33,45.33333333
5663,29,38,42,45,45,37,52,32,42,52,42,41,74,39,50
5664,34,29,38,42,45,45,37,52,32,42,52,42,41,74,53.66666667
5665,44,34,29,38,42,45,45,37,52,32,42,52,42,41,55
5666,53,44,34,29,38,42,45,45,37,52,32,42,52,42,56.33333333
5667,62,53,44,34,29,38,42,45,45,37,52,32,42,52,54.66666667
5668,44,62,53,44,34,29,38,42,45,45,37,52,32,42,62.66666667
5669,51,44,62,53,44,34,29,38,42,45,45,37,52,32,48.33333333
5670,45,51,44,62,53,44,34,29,38,42,45,45,37,52,65
5671,54,45,51,44,62,53,44,34,29,38,42,45,45,37,58.33333333
5672,37,54,45,51,44,62,53,44,34,29,38,42,45,45,58.66666667
5673,59,37,54,45,51,44,62,53,44,34,29,38,42,45,59.33333333
5674,35,59,37,54,45,51,44,62,53,44,34,29,38,42,62.66666667
5675,53,35,59,37,54,45,51,44,62,53,44,34,29,38,59
5676,50,53,35,59,37,54,45,51,44,62,53,44,34,29,54.33333333
5677,59,50,53,35,59,37,54,45,51,44,62,53,44,34,52.33333333
5678,49,59,50,53,35,59,37,54,45,51,44,62,53,44,60.33333333
5679,50,49,59,50,53,35,59,37,54,45,51,44,62,53,51.66666667
5680,50,50,49,59,50,53,35,59,37,54,45,51,44,62,42.66666667
5681,47,50,50,49,59,50,53,35,59,37,54,45,51,44,46
5682,60,47,50,50,49,59,50,53,35,59,37,54,45,51,49.33333333
5683,47,60,47,50,50,49,59,50,53,35,59,37,54,45,47.33333333
5684,52,47,60,47,50,50,49,59,50,53,35,59,37,54,42
5685,45,52,47,60,47,50,50,49,59,50,53,35,59,37,50.33333333
5686,49,45,52,47,60,47,50,50,49,59,50,53,35,59,46
5687,37,49,45,52,47,60,47,50,50,49,59,50,53,35,46
5688,36,37,49,45,52,47,60,47,50,50,49,59,50,53,49.66666667
5689,37,36,37,49,45,52,47,60,47,50,50,49,59,50,46.33333333
5690,33,37,36,37,49,45,52,47,60,47,50,50,49,59,50.66666667
5691,33,33,37,36,37,49,45,52,47,60,47,50,50,49,41.33333333
5692,33,33,33,37,36,37,49,45,52,47,60,47,50,50,44.33333333
5693,36,33,33,33,37,36,37,49,45,52,47,60,47,50,35.33333333
5694,34,36,33,33,33,37,36,37,49,45,52,47,60,47,36
5695,25,34,36,33,33,33,37,36,37,49,45,52,47,60,33.66666667
5696,22,25,34,36,33,33,33,37,36,37,49,45,52,47,32.66666667
5697,27,22,25,34,36,33,33,33,37,36,37,49,45,52,39.33333333
5698,28,27,22,25,34,36,33,33,33,37,36,37,49,45,30.66666667
5699,24,28,27,22,25,34,36,33,33,33,37,36,37,49,29.66666667
5700,29,24,28,27,22,25,34,36,33,33,33,37,36,37,24
5701,25,29,24,28,27,22,25,34,36,33,33,33,37,36,25.33333333
5702,29,25,29,24,28,27,22,25,34,36,33,33,33,37,24
5703,22,29,25,29,24,28,27,22,25,34,36,33,33,33,27.33333333
5704,31,22,29,25,29,24,28,27,22,25,34,36,33,33,23.66666667
5705,13,31,22,29,25,29,24,28,27,22,25,34,36,33,19
5706,19,13,31,22,29,25,29,24,28,27,22,25,34,36,22
5707,13,19,13,31,22,29,25,29,24,28,27,22,25,34,19
5708,13,13,19,13,31,22,29,25,29,24,28,27,22,25,19
5709,14,13,13,19,13,31,22,29,25,29,24,28,27,22,21.66666667
5710,26,14,13,13,19,13,31,22,29,25,29,24,28,27,21.33333333
5711,18,26,14,13,13,19,13,31,22,29,25,29,24,28,22.66666667
5712,18,18,26,14,13,13,19,13,31,22,29,25,29,24,20.33333333
5713,11,18,18,26,14,13,13,19,13,31,22,29,25,29,17.33333333
5714,20,11,18,18,26,14,13,13,19,13,31,22,29,25,22.33333333
5715,16,20,11,18,18,26,14,13,13,19,13,31,22,29,20
5716,21,16,20,11,18,18,26,14,13,13,19,13,31,22,17
5717,19,21,16,20,11,18,18,26,14,13,13,19,13,31,19.33333333
5718,18,19,21,16,20,11,18,18,26,14,13,13,19,13,18.33333333
5719,14,18,19,21,16,20,11,18,18,26,14,13,13,19,19
5720,18,14,18,19,21,16,20,11,18,18,26,14,13,13,16.33333333
5721,17,18,14,18,19,21,16,20,11,18,18,26,14,13,14.33333333
5722,16,17,18,14,18,19,21,16,20,11,18,18,26,14,13
5723,11,16,17,18,14,18,19,21,16,20,11,18,18,26,14.66666667
5724,8,11,16,17,18,14,18,19,21,16,20,11,18,18,18
5725,17,8,11,16,17,18,14,18,19,21,16,20,11,18,15.66666667
5726,13,17,8,11,16,17,18,14,18,19,21,16,20,11,13.33333333
5727,10,13,17,8,11,16,17,18,14,18,19,21,16,20,12.66666667
5728,15,10,13,17,8,11,16,17,18,14,18,19,21,16,16
5729,7,15,10,13,17,8,11,16,17,18,14,18,19,21,11
5730,14,7,15,10,13,17,8,11,16,17,18,14,18,19,14
5731,10,14,7,15,10,13,17,8,11,16,17,18,14,18,12.33333333
5732,8,10,14,7,15,10,13,17,8,11,16,17,18,14,9.333333333
5733,4,8,10,14,7,15,10,13,17,8,11,16,17,18,11.66666667
5734,8,4,8,10,14,7,15,10,13,17,8,11,16,17,10.33333333
5735,11,8,4,8,10,14,7,15,10,13,17,8,11,16,10
5736,14,11,8,4,8,10,14,7,15,10,13,17,8,11,8
5737,9,14,11,8,4,8,10,14,7,15,10,13,17,8,5
5738,11,9,14,11,8,4,8,10,14,7,15,10,13,17,9
5739,5,11,9,14,11,8,4,8,10,14,7,15,10,13,7.666666667
5740,9,5,11,9,14,11,8,4,8,10,14,7,15,10,10
5741,11,9,5,11,9,14,11,8,4,8,10,14,7,15,10.66666667
5742,5,11,9,5,11,9,14,11,8,4,8,10,14,7,9.666666667
5743,7,5,11,9,5,11,9,14,11,8,4,8,10,14,7.666666667
5744,7,7,5,11,9,5,11,9,14,11,8,4,8,10,9.333333333
5745,7,7,7,5,11,9,5,11,9,14,11,8,4,8,9
5746,0,7,7,7,5,11,9,5,11,9,14,11,8,4,8
5747,6,0,7,7,7,5,11,9,5,11,9,14,11,8,5.333333333
5748,6,6,0,7,7,7,5,11,9,5,11,9,14,11,5.333333333
5749,4,6,6,0,7,7,7,5,11,9,5,11,9,14,2
5750,5,4,6,6,0,7,7,7,5,11,9,5,11,9,3.666666667
5751,6,5,4,6,6,0,7,7,7,5,11,9,5,11,5.333333333
5752,8,6,5,4,6,6,0,7,7,7,5,11,9,5,4.666666667
5753,8,8,6,5,4,6,6,0,7,7,7,5,11,9,8
5754,5,8,8,6,5,4,6,6,0,7,7,7,5,11,5.666666667
5755,3,5,8,8,6,5,4,6,6,0,7,7,7,5,5.333333333
5756,3,3,5,8,8,6,5,4,6,6,0,7,7,7,3.333333333
5757,6,3,3,5,8,8,6,5,4,6,6,0,7,7,4.666666667
5758,4,6,3,3,5,8,8,6,5,4,6,6,0,7,4
5759,8,4,6,3,3,5,8,8,6,5,4,6,6,0,2.333333333
5760,2,8,4,6,3,3,5,8,8,6,5,4,6,6,4.333333333
5761,3,2,8,4,6,3,3,5,8,8,6,5,4,6,2.333333333
5762,4,3,2,8,4,6,3,3,5,8,8,6,5,4,3
5763,2,4,3,2,8,4,6,3,3,5,8,8,6,5,3.666666667
5764,2,2,4,3,2,8,4,6,3,3,5,8,8,6,3
5765,2,2,2,4,3,2,8,4,6,3,3,5,8,8,2.666666667
5766,0,2,2,2,4,3,2,8,4,6,3,3,5,8,4
5767,1,0,2,2,2,4,3,2,8,4,6,3,3,5,3.333333333
5768,2,1,0,2,2,2,4,3,2,8,4,6,3,3,5
5769,4,2,1,0,2,2,2,4,3,2,8,4,6,3,2.666666667
5770,0,4,2,1,0,2,2,2,4,3,2,8,4,6,3.333333333
5771,2,0,4,2,1,0,2,2,2,4,3,2,8,4,3.333333333
5772,3,2,0,4,2,1,0,2,2,2,4,3,2,8,3
5773,1,3,2,0,4,2,1,0,2,2,2,4,3,2,2.333333333
5774,2,1,3,2,0,4,2,1,0,2,2,2,4,3,1.666666667
5775,1,2,1,3,2,0,4,2,1,0,2,2,2,4,3
5776,2,1,2,1,3,2,0,4,2,1,0,2,2,2,4.333333333
5777,5,2,1,2,1,3,2,0,4,2,1,0,2,2,3
5778,4,5,2,1,2,1,3,2,0,4,2,1,0,2,2
5779,4,4,5,2,1,2,1,3,2,0,4,2,1,0,2
5780,1,4,4,5,2,1,2,1,3,2,0,4,2,1,2
5781,2,1,4,4,5,2,1,2,1,3,2,0,4,2,2
5782,3,2,1,4,4,5,2,1,2,1,3,2,0,4,1.333333333
5783,2,3,2,1,4,4,5,2,1,2,1,3,2,0,3
5784,2,2,3,2,1,4,4,5,2,1,2,1,3,2,3.333333333
5785,1,2,2,3,2,1,4,4,5,2,1,2,1,3,1.666666667
5786,3,1,2,2,3,2,1,4,4,5,2,1,2,1,1.333333333
5787,0,3,1,2,2,3,2,1,4,4,5,2,1,2,1.666666667
5788,0,0,3,1,2,2,3,2,1,4,4,5,2,1,1.666666667
5789,0,0,0,3,1,2,2,3,2,1,4,4,5,2,3.333333333
5790,3,0,0,0,3,1,2,2,3,2,1,4,4,5,0.666666667
5791,0,3,0,0,0,3,1,2,2,3,2,1,4,4,2.666666667
5792,1,0,3,0,0,0,3,1,2,2,3,2,1,4,2.666666667
5793,1,1,0,3,0,0,0,3,1,2,2,3,2,1,0.666666667
5794,2,1,1,0,3,0,0,0,3,1,2,2,3,2,1.333333333
5795,1,2,1,1,0,3,0,0,0,3,1,2,2,3,3.666666667
5796,0,1,2,1,1,0,3,0,0,0,3,1,2,2,1.666666667
5797,1,0,1,2,1,1,0,3,0,0,0,3,1,2,2.666666667
5798,1,1,0,1,2,1,1,0,3,0,0,0,3,1,0.666666667
5799,2,1,1,0,1,2,1,1,0,3,0,0,0,3,0
5800,0,2,1,1,0,1,2,1,1,0,3,0,0,0,1.333333333
5801,4,0,2,1,1,0,1,2,1,1,0,3,0,0,2.666666667
5802,2,4,0,2,1,1,0,1,2,1,1,0,3,0,1.666666667
5803,2,2,4,0,2,1,1,0,1,2,1,1,0,3,1
5804,2,2,2,4,0,2,1,1,0,1,2,1,1,0,2.333333333
5805,1,2,2,2,4,0,2,1,1,0,1,2,1,1,3
5806,1,1,2,2,2,4,0,2,1,1,0,1,2,1,1.333333333
5807,2,1,1,2,2,2,4,0,2,1,1,0,1,2,1.333333333
5808,4,2,1,1,2,2,2,4,0,2,1,1,0,1,1.333333333
5809,2,4,2,1,1,2,2,2,4,0,2,1,1,0,1
5810,3,2,4,2,1,1,2,2,2,4,0,2,1,1,2
5811,0,3,2,4,2,1,1,2,2,2,4,0,2,1,1.666666667
5812,3,0,3,2,4,2,1,1,2,2,2,4,0,2,1.666666667
5813,1,3,0,3,2,4,2,1,1,2,2,2,4,0,2.666666667
5814,0,1,3,0,3,2,4,2,1,1,2,2,2,4,2
5815,3,0,1,3,0,3,2,4,2,1,1,2,2,2,2
5816,1,3,0,1,3,0,3,2,4,2,1,1,2,2,3
5817,5,1,3,0,1,3,0,3,2,4,2,1,1,2,2
5818,4,5,1,3,0,1,3,0,3,2,4,2,1,1,4.333333333
5819,9,4,5,1,3,0,1,3,0,3,2,4,2,1,3
5820,4,9,4,5,1,3,0,1,3,0,3,2,4,2,2
5821,3,4,9,4,5,1,3,0,1,3,0,3,2,4,4.666666667
5822,5,3,4,9,4,5,1,3,0,1,3,0,3,2,3.666666667
5823,5,5,3,4,9,4,5,1,3,0,1,3,0,3,4.333333333
5824,2,5,5,3,4,9,4,5,1,3,0,1,3,0,4.666666667
5825,3,2,5,5,3,4,9,4,5,1,3,0,1,3,5.666666667
5826,7,3,2,5,5,3,4,9,4,5,1,3,0,1,5
5827,10,7,3,2,5,5,3,4,9,4,5,1,3,0,6
5828,5,10,7,3,2,5,5,3,4,9,4,5,1,3,8
5829,8,5,10,7,3,2,5,5,3,4,9,4,5,1,5.333333333
5830,6,8,5,10,7,3,2,5,5,3,4,9,4,5,9.333333333
5831,3,6,8,5,10,7,3,2,5,5,3,4,9,4,9.333333333
5832,7,3,6,8,5,10,7,3,2,5,5,3,4,9,12.66666667
5833,11,7,3,6,8,5,10,7,3,2,5,5,3,4,12.33333333
5834,16,11,7,3,6,8,5,10,7,3,2,5,5,3,12
5835,5,16,11,7,3,6,8,5,10,7,3,2,5,5,19.33333333
5836,9,5,16,11,7,3,6,8,5,10,7,3,2,5,17.33333333
5837,5,9,5,16,11,7,3,6,8,5,10,7,3,2,24.33333333
5838,14,5,9,5,16,11,7,3,6,8,5,10,7,3,28.66666667
5839,12,14,5,9,5,16,11,7,3,6,8,5,10,7,25.33333333
5840,12,12,14,5,9,5,16,11,7,3,6,8,5,10,31
5841,17,12,12,14,5,9,5,16,11,7,3,6,8,5,34
5842,12,17,12,12,14,5,9,5,16,11,7,3,6,8,35.66666667
5843,16,12,17,12,12,14,5,9,5,16,11,7,3,6,32.33333333
5844,13,16,12,17,12,12,14,5,9,5,16,11,7,3,25.66666667
5845,15,13,16,12,17,12,12,14,5,9,5,16,11,7,32
5846,22,15,13,16,12,17,12,12,14,5,9,5,16,11,34
5847,22,22,15,13,16,12,17,12,12,14,5,9,5,16,37.66666667
5848,37,22,22,15,13,16,12,17,12,12,14,5,9,5,42.66666667
5849,19,37,22,22,15,13,16,12,17,12,12,14,5,9,42
5850,34,19,37,22,22,15,13,16,12,17,12,12,14,5,45.66666667
5851,37,34,19,37,22,22,15,13,16,12,17,12,12,14,45.66666667
5852,43,37,34,19,37,22,22,15,13,16,12,17,12,12,47.66666667
5853,48,43,37,34,19,37,22,22,15,13,16,12,17,12,62
5854,50,48,43,37,34,19,37,22,22,15,13,16,12,17,62
5855,47,50,48,43,37,34,19,37,22,22,15,13,16,12,53.33333333
5856,40,47,50,48,43,37,34,19,37,22,22,15,13,16,65
5857,46,40,47,50,48,43,37,34,19,37,22,22,15,13,60.33333333
5858,38,46,40,47,50,48,43,37,34,19,37,22,22,15,60.33333333
5859,42,38,46,40,47,50,48,43,37,34,19,37,22,22,61.66666667
5860,46,42,38,46,40,47,50,48,43,37,34,19,37,22,45.66666667
5861,45,46,42,38,46,40,47,50,48,43,37,34,19,37,54
5862,46,45,46,42,38,46,40,47,50,48,43,37,34,19,55.66666667
5863,45,46,45,46,42,38,46,40,47,50,48,43,37,34,57
5864,56,45,46,45,46,42,38,46,40,47,50,48,43,37,44.33333333
5865,49,56,45,46,45,46,42,38,46,40,47,50,48,43,55
5866,53,49,56,45,46,45,46,42,38,46,40,47,50,48,45.66666667
5867,41,53,49,56,45,46,45,46,42,38,46,40,47,50,58
5868,40,41,53,49,56,45,46,45,46,42,38,46,40,47,41.33333333
5869,53,40,41,53,49,56,45,46,45,46,42,38,46,40,55.66666667
5870,51,53,40,41,53,49,56,45,46,45,46,42,38,46,43.66666667
5871,47,51,53,40,41,53,49,56,45,46,45,46,42,38,47
5872,59,47,51,53,40,41,53,49,56,45,46,45,46,42,50
5873,37,59,47,51,53,40,41,53,49,56,45,46,45,46,50
5874,50,37,59,47,51,53,40,41,53,49,56,45,46,45,38
5875,51,50,37,59,47,51,53,40,41,53,49,56,45,46,46.66666667
5876,46,51,50,37,59,47,51,53,40,41,53,49,56,45,43
5877,73,46,51,50,37,59,47,51,53,40,41,53,49,56,50
5878,55,73,46,51,50,37,59,47,51,53,40,41,53,49,52
5879,40,55,73,46,51,50,37,59,47,51,53,40,41,53,45
5880,48,40,55,73,46,51,50,37,59,47,51,53,40,41,43
5881,57,48,40,55,73,46,51,50,37,59,47,51,53,40,43.33333333
5882,33,57,48,40,55,73,46,51,50,37,59,47,51,53,44.33333333
5883,44,33,57,48,40,55,73,46,51,50,37,59,47,51,38.66666667
5884,44,44,33,57,48,40,55,73,46,51,50,37,59,47,53.66666667
5885,43,44,44,33,57,48,40,55,73,46,51,50,37,59,41.66666667
5886,47,43,44,44,33,57,48,40,55,73,46,51,50,37,51
5887,49,47,43,44,44,33,57,48,40,55,73,46,51,50,45
5888,43,49,47,43,44,44,33,57,48,40,55,73,46,51,43.66666667
5889,60,43,49,47,43,44,44,33,57,48,40,55,73,46,42.33333333
5890,56,60,43,49,47,43,44,44,33,57,48,40,55,73,42.33333333
5891,40,56,60,43,49,47,43,44,44,33,57,48,40,55,42.33333333
5892,47,40,56,60,43,49,47,43,44,44,33,57,48,40,38
5893,45,47,40,56,60,43,49,47,43,44,44,33,57,48,40.66666667
5894,41,45,47,40,56,60,43,49,47,43,44,44,33,57,35.66666667
5895,56,41,45,47,40,56,60,43,49,47,43,44,44,33,39
5896,46,56,41,45,47,40,56,60,43,49,47,43,44,44,35
5897,31,46,56,41,45,47,40,56,60,43,49,47,43,44,36
5898,39,31,46,56,41,45,47,40,56,60,43,49,47,43,30.33333333
5899,31,39,31,46,56,41,45,47,40,56,60,43,49,47,29
5900,47,31,39,31,46,56,41,45,47,40,56,60,43,49,32.33333333
5901,49,47,31,39,31,46,56,41,45,47,40,56,60,43,29.66666667
5902,32,49,47,31,39,31,46,56,41,45,47,40,56,60,36
5903,34,32,49,47,31,39,31,46,56,41,45,47,40,56,31.66666667
5904,45,34,32,49,47,31,39,31,46,56,41,45,47,40,34
5905,47,45,34,32,49,47,31,39,31,46,56,41,45,47,33.33333333
5906,44,47,45,34,32,49,47,31,39,31,46,56,41,45,43
5907,38,44,47,45,34,32,49,47,31,39,31,46,56,41,31.33333333
5908,32,38,44,47,45,34,32,49,47,31,39,31,46,56,38.66666667
5909,36,32,38,44,47,45,34,32,49,47,31,39,31,46,34.33333333
5910,36,36,32,38,44,47,45,34,32,49,47,31,39,31,35.33333333
5911,35,36,36,32,38,44,47,45,34,32,49,47,31,39,33.66666667
5912,24,35,36,36,32,38,44,47,45,34,32,49,47,31,29.33333333
5913,57,24,35,36,36,32,38,44,47,45,34,32,49,47,34.33333333
5914,27,57,24,35,36,36,32,38,44,47,45,34,32,49,28.33333333
5915,27,27,57,24,35,36,36,32,38,44,47,45,34,32,33
5916,29,27,27,57,24,35,36,36,32,38,44,47,45,34,36.66666667
5917,40,29,27,27,57,24,35,36,36,32,38,44,47,45,34.66666667
5918,32,40,29,27,27,57,24,35,36,36,32,38,44,47,43
5919,37,32,40,29,27,27,57,24,35,36,36,32,38,44,35.33333333
5920,32,37,32,40,29,27,27,57,24,35,36,36,32,38,39.33333333
5921,37,32,37,32,40,29,27,27,57,24,35,36,36,32,42
5922,40,37,32,37,32,40,29,27,27,57,24,35,36,36,35
5923,43,40,37,32,37,32,40,29,27,27,57,24,35,36,34.33333333
5924,46,43,40,37,32,37,32,40,29,27,27,57,24,35,39.33333333
5925,34,46,43,40,37,32,37,32,40,29,27,27,57,24,25.66666667
5926,27,34,46,43,40,37,32,37,32,40,29,27,27,57,36.66666667
5927,52,27,34,46,43,40,37,32,37,32,40,29,27,27,36.66666667
5928,36,52,27,34,46,43,40,37,32,37,32,40,29,27,44.66666667
5929,38,36,52,27,34,46,43,40,37,32,37,32,40,29,40.33333333
5930,40,38,36,52,27,34,46,43,40,37,32,37,32,40,39
5931,43,40,38,36,52,27,34,46,43,40,37,32,37,32,41.33333333
5932,38,43,40,38,36,52,27,34,46,43,40,37,32,37,44
5933,27,38,43,40,38,36,52,27,34,46,43,40,37,32,44.33333333
5934,34,27,38,43,40,38,36,52,27,34,46,43,40,37,49.66666667
5935,40,34,27,38,43,40,38,36,52,27,34,46,43,40,39
5936,31,40,34,27,38,43,40,38,36,52,27,34,46,43,37.66666667
5937,43,31,40,34,27,38,43,40,38,36,52,27,34,46,41
5938,29,43,31,40,34,27,38,43,40,38,36,52,27,34,39.66666667
5939,32,29,43,31,40,34,27,38,43,40,38,36,52,27,40
5940,54,32,29,43,31,40,34,27,38,43,40,38,36,52,52.33333333
5941,55,54,32,29,43,31,40,34,27,38,43,40,38,36,40.33333333
5942,47,55,54,32,29,43,31,40,34,27,38,43,40,38,45.33333333
5943,37,47,55,54,32,29,43,31,40,34,27,38,43,40,45
5944,38,37,47,55,54,32,29,43,31,40,34,27,38,43,44.33333333
5945,60,38,37,47,55,54,32,29,43,31,40,34,27,38,36.33333333
5946,55,60,38,37,47,55,54,32,29,43,31,40,34,27,46.66666667
5947,46,55,60,38,37,47,55,54,32,29,43,31,40,34,49
5948,49,46,55,60,38,37,47,55,54,32,29,43,31,40,50.66666667
5949,43,49,46,55,60,38,37,47,55,54,32,29,43,31,52
5950,56,43,49,46,55,60,38,37,47,55,54,32,29,43,43.33333333
5951,49,56,43,49,46,55,60,38,37,47,55,54,32,29,48.33333333
5952,37,49,56,43,49,46,55,60,38,37,47,55,54,32,48
5953,47,37,49,56,43,49,46,55,60,38,37,47,55,54,47.33333333
5954,41,47,37,49,56,43,49,46,55,60,38,37,47,55,49
5955,59,41,47,37,49,56,43,49,46,55,60,38,37,47,54.66666667
5956,51,59,41,47,37,49,56,43,49,46,55,60,38,37,62.33333333
5957,49,51,59,41,47,37,49,56,43,49,46,55,60,38,47.66666667
5958,41,49,51,59,41,47,37,49,56,43,49,46,55,60,60.66666667
5959,67,41,49,51,59,41,47,37,49,56,43,49,46,55,53
5960,56,67,41,49,51,59,41,47,37,49,56,43,49,46,55.66666667
5961,50,56,67,41,49,51,59,41,47,37,49,56,43,49,56.66666667
5962,46,50,56,67,41,49,51,59,41,47,37,49,56,43,61.66666667
5963,52,46,50,56,67,41,49,51,59,41,47,37,49,56,50
5964,59,52,46,50,56,67,41,49,51,59,41,47,37,49,55.33333333
5965,48,59,52,46,50,56,67,41,49,51,59,41,47,37,44.33333333
5966,60,48,59,52,46,50,56,67,41,49,51,59,41,47,60.66666667
5967,52,60,48,59,52,46,50,56,67,41,49,51,59,41,50.66666667
5968,41,52,60,48,59,52,46,50,56,67,41,49,51,59,44
5969,43,41,52,60,48,59,52,46,50,56,67,41,49,51,47
5970,40,43,41,52,60,48,59,52,46,50,56,67,41,49,44
5971,50,40,43,41,52,60,48,59,52,46,50,56,67,41,51.33333333
5972,39,50,40,43,41,52,60,48,59,52,46,50,56,67,40.66666667
5973,45,39,50,40,43,41,52,60,48,59,52,46,50,56,51.33333333
5974,31,45,39,50,40,43,41,52,60,48,59,52,46,50,46.33333333
5975,50,31,45,39,50,40,43,41,52,60,48,59,52,46,51
5976,30,50,31,45,39,50,40,43,41,52,60,48,59,52,46.66666667
5977,34,30,50,31,45,39,50,40,43,41,52,60,48,59,42.33333333
5978,29,34,30,50,31,45,39,50,40,43,41,52,60,48,45
5979,34,29,34,30,50,31,45,39,50,40,43,41,52,60,41
5980,37,34,29,34,30,50,31,45,39,50,40,43,41,52,39
5981,28,37,34,29,34,30,50,31,45,39,50,40,43,41,33.66666667
5982,32,28,37,34,29,34,30,50,31,45,39,50,40,43,36.66666667
5983,40,32,28,37,34,29,34,30,50,31,45,39,50,40,35
5984,27,40,32,28,37,34,29,34,30,50,31,45,39,50,33
5985,34,27,40,32,28,37,34,29,34,30,50,31,45,39,32
5986,25,34,27,40,32,28,37,34,29,34,30,50,31,45,28.66666667
5987,27,25,34,27,40,32,28,37,34,29,34,30,50,31,31.66666667
5988,23,27,25,34,27,40,32,28,37,34,29,34,30,50,24
5989,14,23,27,25,34,27,40,32,28,37,34,29,34,30,26.66666667
5990,21,14,23,27,25,34,27,40,32,28,37,34,29,34,24
5991,20,21,14,23,27,25,34,27,40,32,28,37,34,29,25.66666667
5992,25,20,21,14,23,27,25,34,27,40,32,28,37,34,23.66666667
5993,15,25,20,21,14,23,27,25,34,27,40,32,28,37,25
5994,17,15,25,20,21,14,23,27,25,34,27,40,32,28,22.33333333
5995,21,17,15,25,20,21,14,23,27,25,34,27,40,32,19.66666667
5996,15,21,17,15,25,20,21,14,23,27,25,34,27,40,17
5997,19,15,21,17,15,25,20,21,14,23,27,25,34,27,18
5998,14,19,15,21,17,15,25,20,21,14,23,27,25,34,18.66666667
